Title,C1 GMDSS - Part 5 of 10,,,,,,,,,,
Description,"Transmit and receive information using GMDSS subsystems and equipment and fulfilling the functional requirements of GMDSS. Combined/deduplicated reviewer, Part 5 of 10 (191 questions).",,,,,,,,,,
Duration,191,,,,,,,,,,
Question,Type,Option1,Option2,Option3,Option4,Option5,Option6,Explanation,Answer,Point,Section
What is this service publication issued by ITU in pursuant of Article 20 of the Radio Regulations and this List shall be provided to all ship radiotelegraph stations as prescribed in Apendix 16 to the aforementioned regulations?,Choice,ITU LIST VI List of Radiodetermination and Special Service Stations,ITU LIST V List of Ship Stations and Maritime Mobile Service Identity Assignments,ITU LIST IV Coast Stations / List of Radiodeterminations and Special Services,ITU LIST VIIA List of Call Signs and Numerical Identities,,,,1,1,
"In a distress follow on voice transmission after a DSC Alert, what information is NOT vital?",Choice,"Ship's name, Call sign and MMSI number.","Ship's position, nature of distress and assistance requested.",Company emergency contact information.,Physical description of the vessel and number of POB.,,,,3,1,
What does MF stands for?,Choice,Mobile Frequency,Medium Frequency,Maritime Frequency,Marine Frequency,,,,2,1,
Can you describe modulation from the statement below?,Choice,Charging mark-space to 1 and 0,Adjusting the frequency to the optimum band for long distance communications.,Converting the carrier from low frequency to a higher frequency.,Imposing intelligence onto a radio carrier signal.,,,,4,1,
What is the maritime radio system consisting of a series of coast stations transmitting coastal warnings?,Choice,SAFESEA,NAVTEX,HYDROLANT/HYDROPAC,NAVAREA,,,,2,1,
"If a vessel engaged in local trade, and at no point in its voyage travels outside 25 miles from the florida Coast, in which GMDSS zones would this vessel is operating?",Choice,SEA AREA A1,SEA AREA A3,SEA AREA A4,SEA AREA A2,,,,1,1,
Which of the following is NOT a content of distress relay alert?,Choice,Time in which the message is send by the mobile unit.,Nature of Distress of the mobile unit in distress,Position of the mobile unit in distress,Port of departure and destination of the mobile unit in distress,,,,4,1,
Where should the GMDSS radio log be kept on board ship?,Choice,Anywhere on board the vessel,Captain\'s Office,At the GMDSS operating position,Sea Cabin,,,,3,1,
"For interaction with ships participating in the ship reporting system, what should be the equipment of the shore-based authority compatible with the requirements of SOLAS Chapter IV?",Choice,Radiocommunications and other radio equipment appropriate to accomplish the objectives of the system.,Equipped with emergency starting devices approved by the International Maritime Organization.,Provided with a booklet which shall be written in a language mutually agreed with ship\'s officers.,Standard marine communications phrases under development by the Organization.,,,,1,1,
Choose from the following communications functions should a GMDSS-equipped ships will be obliged to perform?,Choice,"Bridge-to-Bridge and general radio communications, RDF of EPIRB homing signals Distress alerting and MSI.","Transmit distress alerts, SAR and on-scene communications, MSI, Bridge-to-Bridge and general radio communications.","Distress alerting, MSI, SAR and on-scene communications & receipt of satellite alerts from other vessels.","SAR and on-scene communications, Bridge-to- Bridge and general radio communications, MSI and relay of satellite alerts from other vessels.",,,,2,1,
What does ELT stands for?,Choice,Emergency Load Transmitter,Emergency Locator Transport,Enhanced Locator Transmitter,Emergency Locator Transmitter (Airborne),,,,4,1,
What would be an indication of a malfunction on a GMDSS station with a 24 VDC battery system?,Choice,A constant 30 volt reading on the GMDSS console voltmeter.,All of these symptoms would indicate a potential battery charger malfunction.,"After testing the station on battery power, a voltmeter reading of 30 volts for a brief period followed by a steady 26 volt reading.","After testing the station on battery power, the ammeter reading indicates a high rate of charge that then declines.",,,,1,1,
What is the action that a GMDSS radio operator should take when the DSC distress alert is received?,Choice,Transmit distress relay alert immediately.,Acknowledge the alert at once on the radio telephone frequency that is associated with frequency band on which the distress alert is received.,Switch OFF the DSC receiver to silence the alarm.,The operator Should immediately set continuous watch on the radio telephone frequency that is associated with frequency band on which the distress alert is received.,,,,4,1,
What entry would NOT be shown on the V line of an AMVER report?,Choice,MED TECH,NONE,MD,NURSE,,,,1,1,
"What is the basic information to estimate ship's position, and it should be sent at the time when a ship participates in ship reporting system?",Choice,Deviation plan,Monitoring plan,Sailing plan,Passage plan,,,,3,1,
What would be the best choice in attempting to communicate with a shore station 15 miles (24 km) distant?,Choice,VHF Channel 12,VHF Channel 16,VHF Channel 70,VHF Channel 06,,,,2,1,
"If a crew member that was ill has died, which code should your message contain?",Choice,MPR,MPO,MPL,MPN,,,,1,1,
What is the information that must be included in a test transmission Alert?,Choice,GOC operator's ID,Vessel nationality,Vessel position,Vessel's ID,,,,4,1,
"For the adoption of ship reporting system, which international body may a contracting governments refer to?",Choice,USCG,IMO,AMVER,AMSA,,,,2,1,
What is the reporting system that covers the area within the Continental Shelf or Exclusive Economic Zone off the coast of Greenland?,Choice,GREENREP,Off Greenland,GREENPOS,Greenland Traffic,,,,3,1,
"Reference to Radio Regulation Article 1 Section III Radio Services, what is meant by a mobile service between coast stations and ship stations, or between coast stations and ship stations, or ship stations, or between associated on-board communication stations, survival craft stations and emergency position-indicating radiobeacon stations may and participate in this service?",Choice,land mobile service,land mobile-satellite service,maritime mobile service,maritime mobile satellite service.,,,,3,1,
How many GMDSS Radio maintainers must be carried aboard a compulsory vessel if the At-Sea maintenance method is used?,Choice,One regardless of Sea Area of operation,Two in Sea Area A1,Two in Sea Area A3 and A4,Two in Sea Area A1 and A4,,,,1,1,
How frequent is the DSC controller required to be tested while underway?,Choice,Once a day,Once a month,Once a week,Twice a week,,,,1,1,
Which from the following is the most common type of antenna for GMDSS MF-HF?,Choice,Polarized vertically in satellite radome,Polarized horizontally vertical whip antenna.,Polarized vertically whip antenna,Polarized horizontally long wire antenna.,,,,3,1,
"In INMARSAT operation, what is the two-digit code which corresponds to medical advise?",Choice,42,32,41,38,,,,2,1,
What do you call a radio communication operation service between mobile and land stations or between mobile stations?,Choice,Mobile service,Land mobile,Land mobile satellite service,Maritime mobile service,,,,1,1,
"Which of the following 3-letter signal means ""Give rectal saline slowly to replace fluid loss""?",Choice,MSD,MSC,MSA,MSB,,,,3,1,
Which of the following systems is most susceptible to fading or static interference?,Choice,HF SITOR (NBDP),VHF ARQ,DSC on channel 70,Inmarsat,,,,1,1,
What is the term used to describe a station that is transmitting and receiving on the same frequency?,Choice,Multiplex communication,Simplex communication,Full duplex communication,Duplex communication,,,,2,1,
What is defined as the area within the radiotelephone Coverage area with a Continuous DSC alerting available as defined by the IMO regulation for GMDSS?,Choice,Sea Area 4,Sea Area A2,Sea Area A3,Sea Area A1,,,,4,1,
How would you compare the frequency range for Super High Frequency?,Choice,From 30-300 GHz,"From 300-3,000 MHz",From 30-300 MHz,From 3-30 GHz,,,,4,1,
What is an example of locating signal?,Choice,SSB phone traffic.,A float-free EPIRB.,Loran C,Ship to shore transmissions.,,,,2,1,
Identify what Sea Area if a vessel is engaged in local trade and at no point in its voyage travels outside the range of a VHF shore station with continuous DSC alerting?,Choice,Sea Area A1,Sea Area A1 and A2,Inland and coastal waters,Coastal and international zones,,,,1,1,
"What is meant by the acronym ""EOS"" in a DSC MESSAGE?",Choice,Equal Operating Signals,End of Sequence,End of Signals,Error of Sequence,,,,2,1,
"What are the conditions under GMDSS, whereby a ship is prohibited to depart from any port?",Choice,"The vessel is not carrying a GMDSS radio maintainer, but has provided for shoreside maintenance plus duplication of equipment if required.",The vessel has a temporary waiver of its radio license and Safety Certificate.,The vessel is not capable of performing all required Distress and Safety functions.,The vessel is carrying more than the required number of qualified GMDSS radio operators.,,,,3,1,
What does MID stands for?,Choice,Maritime Identities Digit,Maritime Identification Digit,Mobile Identification Digit,Medium Identification Digit,,,,2,1,
Which of the following GMDSS equipment should be tested at least once a week?,Choice,Each printer for adequate paper,"SAR, EPIRB and handheld VHF sets",Operation of 2182 kHz receiver,Reserve source of energy if it is not a battery,,,,4,1,
What is the frequency range for Very High Frequency?,Choice,30-300 MHz,10 MHz-30 MHz,3-30 MHz,300-3000 KHz.,,,,1,1,
What is the main function of transmissions on 406 MHz?,Choice,It is for two-way RT communication with life raft during SAR operations.,It is for NAVTEX English language broadcast.,It is for EPIRB satellite position fixing.,"It is for MF telex distress, urgency and safety message.",,,,3,1,
Which of the following system is least likely to be subject to fading or static interference?,Choice,VHF ARQ.,MF-HF DSC Controller.,HF SITOR.,Inmarsat,,,,4,1,
Choose from the following where normally VHF Ch. 13 is utilized?,Choice,DSC Safety alerting.,Bridge to bridge Safety of Navigation.,Routine inter-ship communication.,Search and rescue communication.,,,,2,1,
With reference to Radio Regulation Chapter 1 Article 1 Section IV 1.69. Which of the following is a station in the mobile service not intended to be used while in motion?,Choice,Fixed station,Land station,Base station,Coastal station,,,,2,1,
Which of the following statements Concerning testing and maintenance of SART is true?,Choice,Testing a SART should be performed only in controlled environment as a test signal may be misinterpreted as a genuine distress situation.,An at-Sea GMDSS maintainer is not able to test a SART as it is hermetically sealed.,A SARTs\' battery must be replaced within ninety (90) days after the expiration date imprinted on the unit.,All of the above,,,,1,1,
What can you say about the GMDSSS function performed by a NAVTEX receiver?,Choice,Navtex transmit MSI,Navtex give position report,NAVTEX received position,Navtex received MSI,,,,4,1,
"To served as GMDSS operator, which from the following license that meets the requirement?",Choice,Marine Radio Operator\'s Permit.,General Radiotelephone Operator\'s License.,GMDSS Radio Maintainer\'s License.,GMDSS Radio Operator\'s License.,,,,4,1,
On whose authority should a DSC Distress Alert be sent?,Choice,Person responsible for radio communications in an emergency.,Officer of the watch.,Master or person responsible for the vessel.,Radio operator.,,,,3,1,
What is the mechanism that allows a Float-free EPIRB?,Choice,Spring Release Mechanism,Air Release Mechanism,Hydrostatic Release Mechanism,Hydraulic Release Mechanism,,,,3,1,
What does TX stands for?,Choice,Transmitter,Transformer,Telex,Telephony,,,,1,1,
How long should reserve power source must be able to power all radio equipment plus an emergency light system?,Choice,6 hours,8 hours,24 hours,12 hours,,,,1,1,
"Concerning the EPIRB system, which of the following statements is authentic?",Choice,The Inmarsat system will not provide alerts and position report for 406 MHz EPIRB's equipped with GPS receivers.,COSPAS-SARSAT satellites always provides an alert and position report within 10 minutes of reception.,The GPS satellite system will relay an alert and position report within 20 minutes of reception.,GOES weather satellites will provide alerting with complete worldwide coverage.,,,,1,1,
"In the mandatory system under SOLAS Regulation V/11-1, where are the locations of ship reporting systems are shown?",Choice,On the Chart Catalogue,On the relevant charlets,On the T & P Notices,On the relevant Admiralty Charts,,,,4,1,
Ship reporting systems should be considered for adoption by the IMO only if supported by a demonstrated need to address the following EXC???:,Choice,To increase the protection of the marine environment.,The safety and efficiency of navigation.,To ensure compliance with traffic separation schemes.,The improvement of the safety of life at sea.,,,,3,1,
"How would you relate to the message ""All Stations "" by DSC Safety call on Ch. 70 VHF?",Choice,You should listen for the call on Ch. 16.,You should acknowledge by DSC on Ch. 70.,You should acknowledge by RT on Ch. 16.,You should listen for the call on Ch. 13.,,,,1,1,
"A crewmember suddenly becomes blind in both eyes, which code should your message contain?",Choice,MNI,MNJ,MNO,MNM,,,,3,1,
What element of a DSC call describes the hour of the position and is given in UTC with the aid of 4 digits?,Choice,Message 4 of distress calls,Message 3 of distress calls,Message 2 of distress calls,Message 1 of distress calls,,,,2,1,
What should a vessel trading in a A3 area fitted with MF / HF DSC must keep continuous watch on?,Choice,"On VHF Ch.70, 8414.5 kHz plus one other HF distress frequency only.","On VHF Ch.70, 2187.5 kHz, 8414.5 kHz plus one other HF distress frequency.","On VHF Ch.70, 2187.5 kHz and 2174.5 kHz.",On VHF Ch.70 and 2187.5 kHz only,,,,2,1,
"When the GMDSS Radio Operator on watch hears ""SECURITE"" spoken three times, what information should he expect to receive?",Choice,Safety of vessel or person is in jeopardy,Coast Station Traffic list,Vessel in need of immediate assistance,Message concerning the Safety of navigation or important meteorological warnings,,,,4,1,
"With reference to Radio Regulation Chapter 1 Article 1 Section IV 1.70. Which of the following is an earth station in the fixed-satellite service or in some cases in the mobile- satellite service, located at a specified fixed point or within a specified area on land to provide a feeder link for the mobile- satellite service?",Choice,Land mobile earth station,Land earth station,Base earth station,Mobile earth station,,,,2,1,
"Pick from the following license meets the requirements to perform or supervise the performance of at-sea adjustments, servicing or maintenance which may affect the proper operation of the GMDSS station?",Choice,GMDSS Operator\'s Maintainer\'s License of GMDSS Maintainer\'s License.,General Radiotelephone Operator\'s License with Shipboard RADAR endorsement,GMDSS Radio Operators\'s License or Marine Radio Operator\'s Permit.,Marine Radio Operator\'s Permit or GMDSS Maintainer\'s License.,,,,1,1,
"After received the full details as specified by Doctor instructions which of the following 3 letters signal progress report sent by the Master that the ""Patient is improving""?",Choice,MPK,MPE,MPF,MPG,,,,3,1,
What does PSDN stands for?,Choice,Personal Services Data Network,Public Switched Data Network,Public Search Data Network,Pacific Services Data Network,,,,2,1,
How many HF DSC Distress watch channels must be guarded by a compulsory vessel underway?,Choice,Six (6),Three (3),Four (4),Two (2),,,,4,1,
What is the code e is used for the retrieval of navigational warnings?,Choice,42,43,51,52,,,,4,1,
How long should the battery of the SART last when in Transpond mode?,Choice,7 hours,8 hours,5 hours,4 hours,,,,2,1,
What does MMSI stands for?,Choice,Maritime Mobile Service Identities,Maritime Mobile Search Identity,Maritime Medium Service Integrity,Mobile Maritime Service Identities,,,,1,1,
"What Is false regarding the Inmarsat E, L-Band Epirb?",Choice,Global coverage,Minimum battery capacity is 48 hours,It will be activated when the ship sinks,Instant alerting,,,,1,1,
What is an example of a locating signal?,Choice,Loran C,SSB phone traffic,A SART in transpond mode,Ship to sore transmissions,,,,3,1,
What action would you take if you are in voice communication on Ch-16 with a vessel in Distress that advises you they are unable to contact a Coast Station?,Choice,Make an all ships call with Urgency priority,Call the Coast Station on Ch-70 with Distress priority giving the other vessel's position.,Attempt to contact a Coast Station using voice on Ch-16 with a Mayday Relay.,Send a DSC Distress Relay transmission on Ch-16.,,,,3,1,
Which of these would be vital to a GMDSS SAR situation in polar regions?,Choice,COSPAS/SARSAT satellites to receive Distress Alerts and HF voice for follow-on and SAR activity.,GOES satellites to receive Distress Alerts and Inmarsat voice for follow-on and SAR activity.,GOES satellites to receive Distress Alerts and HF voice for follow-on and SAR activity.,Inmarsat satellites to receive Distress Alerts and HF voice follow-on and SAR activity.,,,,1,1,
"What is a series of nine digits which are sent in digital form over a radio frequency channel in order to uniquely identify ship stations, ship earth stations, coast stations, coast earth stations, and group calls?",Choice,IMO number,Official Number,Maritime Identification Digit (MID),Maritime Mobile Service Identity (MMSI),,,,4,1,
What statement is CORRECT regarding the additional equipment carriage requirement imposed for the survival craft of vessels over 500 gross tons?,Choice,The ability to communicate in all modes with any shore station.,A second radar transponder is required.,Four additional portable VHF radios are required.,Additional carriage of two radio equipped lifeboats aft.,,,,2,1,
"Choose from the following ITU List of Service Publication that contains the following: I. International call sign series II. Signals characterizing the emissions of radiobeacon stations and list of call signs, used in the maritime mobile service III. List of call signs and numerical identities assigned to predetermined groups of stations and a list of former present call signs of ship stations IV. Numerical identities used in the maritime mobile and maritime mobile-satellite services.",Choice,ITU List VIIA,ITU List IV,ITU List V,ITU List VI,,,,1,1,
What does FEC Stands for...?,Choice,Fast Error Connection,Fast Error Correction,Forward Error Connection,Forward Error Correction,,,,4,1,
What would be your action after you have received an MF DSC Urgency call?,Choice,Listen for the message on 2177 KHz,Acknowledge by RT on 2182 KHz,Listen for the message on 2182 KHz,Acknowledge by DSC on 2187.5 KHz,,,,3,1,
How would you explain the relay of DSC Distress alerts?,Choice,Can quickly overburden the GMDSS systems in the vicinity with improperly transmitted or inappropriately relayed DSC calls.,Should always be done immediately to ensure a Coast Station receives the DSC Distress alert.,Remains the preferred method for passing Distress message traffic to an RCC or Coast station.,Was not originally an intended function of the GMDSS system but now is the preferred method to notify an.,,,,1,1,
Which radio frequency/channels are reserved for emergency communication?,Choice,2128 kHz / VHF Channel 16,2182 kHz / VHF Channel 16,2182 kHz / VHF Channel 6,2168 kHz / VHF Channel 8,,,,2,1,
Which of the following system below is least susceptible to fading or static interference?,Choice,a VHF ARQ,a HF SITOR,a MF-HF DSC Controller,an Inmarsat,,,,4,1,
"Your ship received a distress relay on DSC VHF channel 70, on what channel would you reply?",Choice,11,14,15,16,,,,4,1,
Which of the following GMDSS equipment can be utilized in locating homing signals?,Choice,EPIRB,SART,GPS Signal,Loran C,,,,2,1,
Select from the following statement the best way to classify a DSC Distress alert?,Choice,Must always be sent on VHF Ch.70,Must always be sent on VHF Ch.70 then 2 MHz MF then 8 MHz HF.,Will always be sent on one or more of the DSC Distress frequencies.,Must always be sent on MF 2 MHz and one other DSC Distress frequency.,,,,3,1,
How would you demonstrate your action after sending a false distress alert on 12577.0 kHz?,Choice,"Make an ""ALL STATIONS"" call on the associated 12 MHz J3E frequency cancelling the alert.","Make an ""ALL STATIONS"" call on all 5 HF TELEX frequencies canceling the alert.",No action is necessary.,Send a message to the nearest RCC via Inmarsat canceling the alert.,,,,1,1,
What action should you take after sending a false distress alert on MF?,Choice,Make a voice announcement to cancel the alert on 2182 kHz.,Make a voice announcement to cancel the alert on 2187.5 kHz.,Make a voice announcement to cancel the alert on 8291 kHz.,Make a voice announcement to cancel the alert on CH 16.,,,,1,1,
What is the main purpose of transmissions on 2174.5 KHz?,Choice,"For MF telex Distress, Urgency and safety messages.",For ship to ship RT communications for the Safety for Navigation.,For NAVTEX English- language broadcast.,For routine ship to ship telex messages on HF.,,,,1,1,
What do you call the standard format used by an RCC or RSC and may pass information to OSC or CSS?,Choice,The JASREP,The SITREP,The MAREP,The AUSREP,,,,2,1,
Which of the following is the Radiotelephone Safety signal?,Choice,"\""Pan Pan \""repeated 3 times","\""Safety SafetySafety\""","\""Securite Securite\"" repeated 3 times","\""Securite\' repeated 3 times",,,,4,1,
Where can additional information on operators of ship reporting systems maybe obtained?,Choice,Rescue coodination Center (RCC),Aircraft co-ordinator (ACO),On scene co-ordinator (OSC),Rescue sub-center (RSC),,,,1,1,
What does ARQ stands for...?,Choice,Automatic Request Retransmission,Automatic Region Request,Atlantic Region Request,Automatic Retransmission Request,,,,4,1,
"Regarding the GMDSS requirement for ship sources of energy, which of the following statement is FALSE?",Choice,"At all times while the vessel is at sea, a sufficient supply of electrical energy to operate the radio installations and charge any batteries which may be part of the reserve source of energy is required.","If a vessel\'s position is constantly required for the proper performance of a GMDSS station, provisions must be made to ensure position information is uninterrupted if the ship\'s source of main or emergency energy fails.",An uninterruptible power supply or other means of ensuring a continuous supply of electrical power to all GMDSS equipment that could be affected by normal variations and interruption of ship\'s power is required.,The reserve sources of energy need to supply independent MF and HF radio installations at the same time.,,,,4,1,
"Your ship is participating in the AMVER reporting system, which of the following report your arrival at your destination?",Choice,AMVER/DR//,AMVER/AR//,AMVER/PR//,AMVER/FR//,,,,4,1,
What is the code to be used in order to charge a telex call using a credit or charge card?,Choice,32,33,36,37,,,,3,1,
Which of the following message Categories can be disabled by the GMDSS Radio Operator?,Choice,Ship to ship correspondence,Meteorological warnings,Navigational Warnings,Search and Rescue information,,,,1,1,
What would be the following references should be consulted in order to identify the name of a vessel based on its Maritime Mobile Service Identity?,Choice,ITU List of ship stations and Maritime Mobile Service identity Assignment,ITU list of Coast Stations,ITU List of Radio determination and ship Stations,ITU Master Plan of Shore Based facilities,,,,1,1,
"What action should be taken, when you received on Ch-70 DSC Distress alert?",Choice,Use DSC to immediately notify the vessel their Distress has been received.,Silence the alarm and immediately call the master for further instructions.,"Silence the alarm, review the message and set up watch on Ch-16 to listen for Mayday communications.",Review the incoming message information but take no action unless requested to do so by the RCC.,,,,3,1,
"What is the meaning of ""Reserve Source of Energy""?",Choice,"High caloric value items for lifeboat, per SOLAS regulations.",The Supply of electrical energy sufficient to operate the radio installations for the purpose of conducting distress and safety Communications in the event failure of the Ship\'s main and emergency sources of electrical power.,None of these,Diesel fuel stored for the purpose of Operating the powered survival Craft for a period equal to or exceeding the U.S.C.G and SOLAS requirements.,,,,2,1,
Describe the main idea of transmissions on 406 MHz?,Choice,Two-way RT communication with life raft during SAR operations.,EPIRB satellite position fixing.,"MF telex distress, Urgency and Safety message.",NAVTEX English- language broadcasts.,,,,2,1,
How would you show from the following frequencies would the J3E emission be used for GMDSS Distress communications?,Choice,"On 2182.0 kHz, 16420.0 kHz or 8291.0 kHz","On 8414.5 kHz, 8291.0 kHz or 8376.5 kHz","On 2182.0 kHz, 2187.5 kHz, or 8414.5 kHz","On 4125.0 kHz, 16420.0 kHz, or 4177.5 kHz",,,,1,1,
Which of the following are the MF HF DSC Distress watch frequencies?,Choice,"2187.5, 4207.5, 6312.0, 8414.5 12577.0, 16804.5 kHz","2182.0, 4125.0, 6215.0, 8291.0 12290.0, 16420.0 kHz","2177.5, 4210.0, 6314.0, 8416.5, 12579.0, 16806.5 kHz","2174.5, 4177.5, 6268.0, 8376.5 12520.0, 16695.0 kHz",,,,1,1,
What is the name of the international convention that regulates GMDSS?,Choice,STCW,ITU,IMO,SOLAS,,,,4,1,
What causes the SART to begin transmission?,Choice,It is either manually or water activated before radiating.,"When activated manually, it begins radiating immediately.",After being activated the SART responds to radar interrogation.,It begins radiating only when keyed by the operator.,,,,3,1,
What should you do when attempting to contact other vessels on VHF Channel 16?,Choice,Channel 16 is used for emergency calls only.,Limit calling to 30 seconds.,"Limit Calling to 30 seconds and if no answer is received, wait 2 minutes before calling vessel again.","If no answer is received, wait 2 minutes before calling vessel again.",,,,3,1,
For how long should a SART be in a watertight condition at a depth of 10 meters?,Choice,At least 3 minutes,At least 10 minutes,At least 5 minutes,At least 15 minutes,,,,3,1,
Which is the message type with the highest priority?,Choice,Gale warning,Radio Telex Leter (RTL),Request for berthing instructions,Telephone call to owners,,,,1,1,
"Which of the following ALRS Volume that includes information for: Worldwide communication requirement for distress, search and rescue B. Extracts from SOLAS and ITU Regulations C. Distress and SAR (incorporating MRCC and MRSC contacts) D. Worldwide NAVTEX and Maritime Safety Information?",Choice,Volume 6 (NP286),Volume 5 (NP285),Volume 4 (NP284),Volume 3 (NP283),,,,2,1,
Who may be contacted for ship reporting systems information on the availability of ships with a medical officer?,Choice,Rescue Coordination Center (RCC),Coast Radio Station (CRS),Aircraft co-ordinator (ACO),IAMSAR,,,,2,1,
How would you classify the MMSI number 0218740100?,Choice,It is a ship station,It is group of ship stations,It is a ship earth station,It is a coast station,,,,2,1,
How would you describe if a DSC Distress alert is not relayed?,Choice,If no Coast Station/Mobile Unit acknowledgement of the alert is observed.,No distress traffic has been heard and the DSC alert is unacknowledged via DSC.,A coast station DSC acknowledgement of the original Distress alert was received by your vessel.,If the mobile unit in Distress is incapable of further Distress alert communications.,,,,3,1,
How would you classify the MID (Maritime Identification Digit) assigned to the Philippines?,Choice,110,258,333,548,,,,4,1,
How would you explain the action that a GMDSS Radio Operator should take when a DSC Distress alert is received requesting J3E?,Choice,"It will initiate the DSC Distress alert but as no information will be transmitted, rescue personnel will not be able to identify the vessel its position or its situation.",The Operator should immediately set continuous watch on the radiotelephone frequency that is associated with frequency band on which the Distress alert was received.,No action is necessary as the DSC control unit will automatically switch to the SITOR (NBDP) follow-on communications frequency.,It will initiate the DSC Distress alert but any station receiving it will have to establish contact with the distressed vessel to determine its identity position and situation.,,,,2,1,
How do you describe the broadcast transmission of NAVTEX?,Choice,Using FEC techniques.,NAVTEX is transmitted only when an Urgency or Distress broadcast is warranted.,NAVTEX is transmitted by commercial coast radio stations following their traffic lists.,No more often than every two hours and should immediately follow the radiotelephone silent periods.,,,,1,1,
"Which of the following propagation ""rules of thumb""should be learned by GMDSS operators?",Choice,"Longer distance = higher frequency, Shorter distance = lower frequency, Daytime = higher frequency, Nighttime = lower frequency","Longer distance = higher frequency, Shorter distance = higher frequency, Daytime = lower frequency, Nighttime = higher frequency","Longer distance = lower frequency, Shorter distance = higher frequency, Daytime = higher frequency, Nighttime = lower frequency","Longer distance = lower frequency, Shorter distance = lower frequency, Daytime =lower frequency, Nighttime = higher frequency",,,,1,1,
"Reference to Radio Regulation Article 5, Section 1 Regions and Areas. How many regions the world is divided for the allocation of frequencies?",Choice,Four (4),Three (3),Five (5),Two (2),,,,2,1,
"In ICS, How would you expressed the code signal for longitude?",Choice,"4 or 5 figures preceded by the letter \""G\""","4 or 5 figures preceded by the letter\""D\""","4 or 5 figures preceded by the letter \""C\""","4 or 5 figures preceded by the letter \""E\""",,,,1,1,
How long should SART battery capacity be sufficient?,Choice,Eight hours,Three days,Four days,Forty eight hours,,,,3,1,
Which statement is TRUE regarding a vessel equipped with GMDSS equipment that will remain in Sea Area A1 at all times?,Choice,VHF DSC alerting may be the sole means of Distress alerting.,HF or MF DSC may satisfy the equipment requirement.,HF SSB with 2182 kHz automatic alarm generator may satisfy the equipment requirement,The vessel must be provided with a radio installation capable of initiating the transmission of ship-to-shore Distress alerting from the position from which the ship is normally navigated.,,,,4,1,
What is meant by the term antenna efficiency?,Choice,Efficiency= radiation resistance / total resistance x 100%,Efficiency = total resistance / radiation resistance x 100%,Efficiency= effective radiated power/transmitter output x 100%,Efficiency = radiation resistance / transmission resistance,,,,1,1,
How would you best classify a DSC Distress alert?,Choice,Must always be sent on MF 2 MHz plus one other HF DSC frequency.,Must always be sent on VHF Ch 70.,Must always be sent on VHF Ch 70 then 2 MHz MF then 8 MHz HF.,Will always be sent on one or more of the DSC Distress frequencies.,,,,4,1,
How would you describe the features on GMDSS satellites EPIRB units?,Choice,"A strobe light, Distress homing transmission on 406 MHz float- free release bracket.","A float-free release bracket, strobe light & Distress alert transmission on 406 MHz.","A hydrostatic release, Distress alert transmission on 121.5 MHz, strobe light.","An emergency transmission on 406 MHz, hydrostatic release, AIS, homing frequency.",,,,2,1,
What is the operational communication other than distress conducted by radio?,Choice,Public correspondence communication,General Communication,Security related communication,Operational traffic communication,,,,2,1,
Which of the following is the primarily used of DSC?,Choice,Report ship\'s position to Search and rescue authorities via satellite.,Provide routine communications with the ship owner.,"Receive weather warnings, navigational notices and other marine safety information.",Transmit and receive distress and safety alerts to and from other Ships and Shore Stations via radio.,,,,4,1,
How would you best describe the GMDSS Sea Area A2 as being within?,Choice,It is within range of the Inmarsat system with continuous watch.,It is within RT range of an MF shore station providing continuous MF watch.,It is within MF RT range of at least one shore station providing continuous VHF DSC alerting.,It is within HF RT range of at least one shore station providing continuous HF DSC alerting.,,,,3,1,
What are the applications of paired frequencies in general communications?,Choice,Normally used with public stations.,Normally used with private coast stations.,Normally used between private coast stations and ship stations.,Normally used between ship stations.,,,,1,1,
What is the mode or emission used for voice on MF/HF transceiver?,Choice,A3E,R3E,J3E,H3E,,,,3,1,
How can a vessel personally detect the operation of a SART in its vicinity?,Choice,By using electronic chart display which is connected to the ARPA units that automatically detects SART signal.,By using the radio direction finder that locate the bearing of SART.,A unique radar signal consisting of a blip code radiating outward from a SART's position along its line of bearing.,By using the Echo sounder that detect the signal of SART.,,,,3,1,
Which INMARSAT Systems Special Access Code (SAC) can be used to obtain medical advice or medical assistance at sea?,Choice,SAC 43,SAC 41,SAC 32,SAC 39,,,,3,1,
What does the message 4 in the DSC distress call contains?,Choice,Single character to indicate the type of communication which is preferred by the station in distress for subsequent exchange of distress traffic or SUBSEQUENT COMMUNICATION.,Nature of Distress,Time indication (UTC) when the coordinates were valid,Distress coordinate message,,,,1,1,
What does AM stands for?,Choice,Alternating Modulation,Amplitude Mass,Amplitude Modulation,Automatic Modulation,,,,3,1,
What should an operator do to prevent interference?,Choice,Turn off transmitter when not in use.,Monitor the channel before transmitting and make transmission as brief as possible.,Transmission should be as brief as possible.,Monitor channel before transmitting.,,,,2,1,
Which of the following references should the GMDSS Radio Operator consult for information on the proper operation of equipment?,Choice,47 CFR Part 80.,Information is available through Safety NET Channels.,ITU List of Equipment Operations.,The manufacturer's operator manuals.,,,,4,1,
How would the third symbol in the designation of radio emission under the ITU rules refers to?,Choice,It is a nature of the signals modulating the main carrier.,It is a type of the modulation of the main carrier.,It is a bandwidth.,It is a type of information to be transmitted.,,,,4,1,
When experiencing a shadowing of the satellite signal by a shipboard obstruction. How would you show your immediate remedy?,Choice,To alter the ship's course.,To raise the transmit power level.,To increase the receiver gain.,To relocate the mast or other obstruction.,,,,1,1,
Which of the following statement is TRUE regarding 406 Mhz EPIRB transmission?,Choice,Coding permits the SAR authorities to determine if manually or automatically activated.,Radio Operator programs his I.D. into the SART for immediate activation.,Transmit a unique hexadecimal identification number.,Allows immediate voice communication with the RCC.,,,,3,1,
"Concerning COSPAS-SARSAT, which of the following statements is INCORRECT?",Choice,These satellites monitor 406 MHz for EPIRB signals.,"EPIRB\'s, ELT\'s, and PLB\'s use the system primarily for Distress alerting.",These satellites use doppler shift measurement to determine the location of the beacons.,"After initiating a call request and selecting the LES, these satellites may be used for commercial messages.",,,,4,1,
What is the time interval for a distress alert from an Inmarsat-EPIRB is received in the coverage area of a satellite by ground station?,Choice,60 to 90 minutes.,Within two minutes.,30 to 60 minutes.,Within ten minutes.,,,,2,1,
What does SSC stands for?,Choice,Surface Search Coordinator,Surface Services Committee,Surface Search Council,Search and Services Committee,,,,1,1,
"For VHF-FM voice signals, what is the emission designation?",Choice,it is J2B,it is F3E,it is F3C,it is H3?,,,,2,1,
What is one of the advantages of using J3E?,Choice,The received signal is clearer than H3E,Less fine tuning of the received frequency,The signal is less efficient than R3E,Less current is drawn from the batteries than H3E,,,,4,1,
What does DNIC stands for?,Choice,Direct Network Identification Code,Data Network Identification Code,Data Network Identification Circuit,Data Network International Code,,,,2,1,
When was full equipment carriage under GMDSS become mandatory?,Choice,"mandatory after February 1, 1995","mandatory after February 10, 1995","mandatory after February 1, 1992","mandatory after February 1, 1996",,,,1,1,
Which statement is FALSE regarding the radio operator requirements for a GMDSS-equipped ship station?,Choice,Maintaining a record of all incidents connected with the radio-communications service that appear to be of importance to Safety of Life at sea is not required.,"A qualified GMDSS radio operator, and a qualified backup, must be designated to perform distress, Urgency and Safety communications.",One of the qualified GMDSS radio operators must be designated to have primary responsibility for radiocommunications during Distress incidents.,"While at sea, all adjustments or radio installations, servicing or maintenance of such installations that may affect the proper operation of the GMDSS station must be performed by, or under the supervision of a qualified GMDSS radio maintainer.",,,,1,1,
What should be the prefix to a MEDICO messages so that communication personnels know how to handle them?,Choice,XXX RADIOMEDICAL,DHMEDICO,PANPAN MEDICO,MEDRAD,,,,2,1,
"Which Regulation in SOLAS Chapter IV states there shall be available at all times while the ship is at sea, a supply of electrical energy sufficient to operate the radio installations and to charge any batteries used as part of a reserve source or sources of energy for the radio installations?",Choice,Regulation 14,Regulation 12,Regulation 16,Regulation 13,,,,4,1,
What is the frequency range for Medium Frequency?,Choice,30-300KHz,"1,000-10,000 KHz",10 MHz-30 MHz,"300-3,000 KHz",,,,4,1,
What is the aim of interchange of data between ships participating in a ship reporting system and a shore- based authority?,Choice,To check the navigational equipment are working onboard.,To poll the DSC unit of the vessel in distress to download the necessary information.,Increase safety for ships participating in the system.,Enhancing maritime safety or the protection of marine environment.,,,,4,1,
Which statement concerning the testing of a compulsory radiotelephone station is false?,Choice,Calling the VHF Ch 16 or 2182.0 KHz is the most effective method.,A daily test is necessary unless the equipment was used for routine traffic.,Test may be accomplished by using the equipment for normal business.,The test may not interfere with communications in progress and must wait or be suspended if a request to do so is made.,,,,1,1,
What is the designated ambient temperatures for an AIS-SART to be able to operate?,Choice,-5C to +65C,-40F to +1055F,-20C to +55C,-20F to +55F,,,,3,1,
"What is the ionosphere layer that allows high frequency long distance transmissions due to its refractive capabilities for frequencies up to 30 mhz, and also due to the long skip distance provided by refraction from such high elevation?",Choice,F layer,E layer,D layer,C layer,,,,1,1,
"Reference SOLAS IV, Regulation 2, what term describe automated telegraphy techniques which comply with the relevant recommendations of the International Radio Consultative Committee?",Choice,Direct Telephone and Telegraphy,Direct printing telegraphy,Direct telephony,DSC,,,,2,1,
What type of satellite system should be fitted on any ship intending to navigate in areas outside of reliable coverage by a terrestrial hyperbolic system?,Choice,Global Maritime Distress and Safety System,Mobile Satellite System,GPS or GLONASS equivalent,Satellite Hyperbolic System,,,,3,1,
Choose from the following statement is TRUE regarding an MF/HF DSC Distress call?,Choice,Both the nature of Distress and the alternate emission and frequency must be specified for follow-up communications in the original Distress alert.,Follow on communications should be presumed to take place on the SITOR (NBDP) frequency associated with the specific DSC frequency used.,Follow on communications should be presumed to take place on the voice frequency associated with the specific DSC frequency used.,An alternate emission and frequency may be specified for follow-up communications by the vessel in the original Distress alert.,,,,3,1,
What is the responsibility of compulsory GMDSS vessels?,Choice,Only the vessels closest to a Distress incident must render assistance.,Vessel must transmit a DSC distress relay upon receipt of a DSC distress alert.,Vessels must immediately acknowledge all DSC distress alerts.,Every vessel must be able to perform communications functions essential for its own safety and the safety of other vessels.,,,,4,1,
Where should be the RT signal SECURITE employed for?,Choice,Distress message,Safety message,Urgency message,Routine message,,,,2,1,
What does NAVTEX stands for?,Choice,Navigational Telephony,Narrow Telex,Navigational Telex,Network Telex,,,,3,1,
What is the emission or mode control of an MF/HF transceiver?,Choice,Allows fine tuning of the receiver,Allows the type of modulation to be selected,Increases the range of the transmitter,Reduces the received gain automatically,,,,1,1,
How would you describe the advantage of a vertical whip antenna over a long wire antenna?,Choice,It radiates equally well in all directions.,It radiates more signal fore and aft.,It radiates directionally for better propagation..,It radiates a strong signal vertically.,,,,1,1,
What is the primary advantage of single-sideband over FM for voice transmissions?,Choice,SSB signals are less susceptible to interference.,SSB signals have narrower bandwidth.,All of these choices are correct.,SSB signals are easier to tune.,,,,2,1,
"Your vessel is in GMDSS Sea Area A1, drifting ashore and you require a tow, what do you initially transmit by Ch. 70 DSC ?",Choice,An All stations Station call,An all stations Safety call,An all stations Urgency call,A Distress Alert Relay,,,,3,1,
Choose from the following equipment carriage requirement for survival craft under GMDSS?,Choice,At least three SCT units and two SART's on every cargo ship between 300 - 500 gross tons and the same on all passenger ships regardless of tonnage.,At least three SCT units and two SART's on every passenger ship and cargo ships of 500 gross tons and upwards.,All cargo vessels above 300 gross tons and every passenger ship regardless of tonnage must carry three SCT units and two SART'S.,At least two radar transponders must be carried on every cargo ship of 300-500 gross tons and two radar transponders (one for each side) of every passenger ship regardless of tonnage.,,,,2,1,
"To make a national ship-to-shore DSC, Alert, what will be your first choice of MF frequencies?",Choice,Ship transmits on 2189.5 KHz and receives on 2177 KHz.,Ship transmits on 2177 KHz and receives on 2177 KHz.,Ship transmits on 2182 KHz and receives on 2187.5 KHz.,Ship transmits on 2187.5 KHz and receives on 2187.5 KHz.,,,,1,1,
Which of the following stand for RCC?,Choice,Rescue Center Cooperative,Rescue Cooperative Council,Rescue Coordinating Center,Rescue Coordinating Council,,,,3,1,
How would you describe the primary function of an MRCC within GMDSS?,Choice,To provide a communication control function within the COSPAS-SARSAT system.,To provide a network coordination role for all LES\'s within the Inmarsat system.,To provide a public correspondence service to ships.,To provide a coordination role for search and rescue operation.,,,,4,1,
What term is commonly used to describe the rapid fluttering sound sometimes heard from mobile stations that are moving while transmitting?,Choice,Picket fencing,Frequency shifting,Pulsing,Flip-flopping,,,,1,1,
"Concerning the testing of a compulsory radiotelephone station, which of the following statement is FALSE?",Choice,The test may not interfere with communications in progress and must wait or be suspended if a request to do so is made.,The most effective method by calling the Coast Guard on VHF Ch.16 or 2182.0 kHz.,Tests may be accomplished by using the equipment for normal business.,A daily test is necessary unless the equipment was used for routine traffic.,,,,2,1,
Where can be VTS be only mandatory?,Choice,EEZ,Freedom of the seas,Contiguous zone,Territorial seas,,,,4,1,
"You are onboard a GMDSS equip vessel, as GMDSS operator what is your responsibility under GMDSS?",Choice,If your ship is over 300GT you can be require to render assistance if such assistance will not effect your port schedule.,You should be able to perform communications function that are essential for the safety of your ship itself and of other ship.,As GMDSS vessel if outside service areas by shoreside and operating in sea areas A2 and A3 you may be required to render assistance in distress situation.,If you are close to a vessel in distress regardless of your vessel size you much tender assistance.,,,,2,1,
"As soon as details of the incident or accident have become clear enough to indicate SAR involvement, what should be transmitted by the Rescue co-ordination Center (RCC) and On scene co-ordinator (OSC) to all vessels and other stations?",Choice,MAREP,SITREP,SHIPREP,POSREP,,,,2,1,
Which from the following list the mandatory DSC watchkeeping bands/ channels?,Choice,"8 MHz HF DSC, 1 other HF DSC, 2 MHz MF DSC and VHF Ch.70.","VHF Ch.70, 2MHz MF DSC, 4 MHz DSC and 8 MHz DSC.","VHF Ch.70, 2 MHz MF DSC, 6 MHz DSC and 1 other HF DSC.","2 MHz MF DSC, 8 MHz DSC, VHF Ch.16 and 1 other HF DSC.",,,,1,1,
What does HF stands for...?,Choice,Hand Frequency,High Frequency,Hard Frequency,High Fidelity,,,,2,1,
How would you explain why MF-HF transmission is required by antenna tuner?,Choice,Because the antenna tuner indicates whether the ionosphere is ready to reflect a transmission properly.,Because it ensure the transmissions are restricted to legal marine frequencies.,Because the length of the physically-fixed antenna must be electrically matched to the intended frequency of operation.,Because the antenna tuner calculates the proper spectrum band for the operator to use.,,,,3,1,
"How would you explain ""radio silence"" being imposed?",Choice,By the Land earth Station (LES) controlling the Distress communications on that frequency.,By the vessel first responding to the distress call.,By the nearest Public Correspondence Coast Station.,By the On Scene Coordinator (OSC) or the RCC chosen by the SAR Mission Coordinator.,,,,4,1,
Which of the following best described a safety transmission?,Choice,A man falls overboard,When giving position to AMVER,A communications transmissions which indicates that a station is preparing to transmit an important navigation or weather warning.,"All messages relative to the immediate assistance required by a ship, aircraft of other vehicle in imminent danger.",,,,3,1,
Which of the following is the primary frequency that is used exclusively for NAVTEX broadcast internationally?,Choice,518 KHz,500 KHz,490 KHz,4209.5 KHz,,,,1,1,
DSC controllers have a facility that allows the unit to be routinely tested without the associated transmitter being activated. At least when should be the unit be tested while underway?,Choice,Once a day,twice a week,Once a Week,twice a day,,,,1,1,
"How would you describe which of the following defines ""ITU Channel 1216""?",Choice,It is Ch-1216 in the MF band,It is Ch-12 in the 16 MHz band,It is Ch-16 in the 12 MHz band,It is Ch-12 in the 16 kHz band,,,,3,1,
"Which of the following regions lies outside Sea Areas A1, A2, and A3?",Choice,Pacific Ocean Region,Polar Regions,Atlantic Ocean Region,Indian Ocean Region,,,,2,1,
Which of the following is an example of a locating signal?,Choice,A float-free EPIRB,Ship to shore transmission,SSB phone traffic transceiver,LORAN C Receiver,,,,1,1,
"Following the stand-by period, how long for the SART batteries will provide transponder transmission when being continuously interrogated by a radar with pulse repetition frequency of 1 kHz?",Choice,48 hours,24 hours,12 hours,8 hours,,,,4,1,
Identify from the following duration of the radio log be retained on board before sending it to the shoreside licensee?,Choice,At least 30 days after the last entry.,At least one year after the last entry.,At least 90 days after the last entry.,At least two years after the last entry.,,,,1,1,
A NAVTEX message has been received on board with preamble ZCZCPB25. This message contains a ?,Choice,Navigational Warning,meteorological warning,SAR Information,Search and Rescue information,,,,2,1,
Who should be the sole authority to order to use of distress signals or distress alerts?,Choice,The first person to discover the distress situation.,Only with the ship owner.,The person designated to maintain communication during distress situations.,Only with the master.,,,,4,1,
Why should the transmitted power on VHF is to be reduced?,Choice,To use more battery energy,To minimize interference,To give maximum range,To increase the volume of the received signal,,,,2,1,
"If you send a VHF-DSC distress alert, what channel do you use for the follow-on voice transmission?",Choice,VHF 12,VHF 13,VHF 16,VHF 70,,,,3,1,
What sort of equipment or device to be used as a homing signal by the search and rescue vessels in the immediate vicinity of the ship's in distress?,Choice,A 121.5 MHz emergency transmitter in a Satellite EPIRB,406 MHz signal from a satellite EPIRB,Flare gun,Strobe Light,,,,1,1,
"Which from the following functional requirements for GMDSS compliant ships (ships to which the SOLAS Convention applies) and while at sea, shall be capable of?",Choice,"Transmitting ship-to-shore distress alerts by at least two separate and independent means, each using a different radio communication service.","Transmit and receive on-scene communications, including appropriate SAR coordinating communications.","Receive shore-to-ship distress alerting, receive ship-to-ship distress alerting.",Perform ship-to-shore distress alerting by two independent means.,,,,2,1,
What is the primary purpose of a dummy load?,Choice,To prevent over-modulation of your transmitter.,A special digital communications mode for some satellite.,To improve the radiation from your antenna.,To prevent the radiation of signals when making tests.,,,,4,1,
What action will you carry out to regain operation on MF- HF frequencies if your MF-HF whip antenna breaks off and is blown away in a storm.?,Choice,"Rig a horizontal, center-fed dipole antenna 12 meters long.",Rig a wire antenna 5-10 meters long from the antenna tuner to the highest vertical support.,Rig a long wire antenna at least 60 meters long.,Rig a wire antenna approximately 10-12 meters long as per the equipment instruction manual.,,,,4,1,
"In Chapter 2 of the International Code of Signals, Section 1: Distress- Emergency, what is the meaning of the code HM?",Choice,Survivors are in good condition.,"Have you located survivors? If so, in what position?",Survivors are in bad condition. A Medical emergency is urgently required.,You should indicate position of survivors by throwing pyrotechnic signals,,,,3,1,
"Where NAVTEX cannot be feasibly established, what system can be implemented to provide an automated service in coastal waters to receive MSI?",Choice,Coastal Radio Information,General Information,Safety Net,Fleet Net,,,,3,1,
What is the most important factor in determining the range of a VHF station?,Choice,The height of antenna,Quality of the antenna,Length of wire used,Type of terminals/ connectors used,,,,1,1,
How would you describe the equipment carriage requirement for survival craft under GMDSS?,Choice,At least three (3) Survival Craft Transponder units and two(2) SART's on every passenger ship and cargo ships of 500 gross tons and upwards.,At least two radar transponders must be carried on every cargo ship of 300 - 500 gross tons and two radar transponders (one for each side) of every passenger ship regardless of tonnage.,At least three (3) Survival Craft Transponder units and two(2) SART's on every cargo ship between 300 - 500 gross tons and the same on all passenger ships regardless of tonnage.,All cargo vessels above 300 gross tons and every passenger ship regardless of tonnage must carry three (3) Survival Craft Transponder units and two(2) SART's.,,,,1,1,
What is the IMO resolution adopted on 16 June 2017 that concerns with the guidelines and criteria for Ship Reporting System?,Choice,Resolution MSC.329(98),Resolution MSC.333(98),Resolution MSC.435(98),Resolution MSC.433(98),,,,4,1,
Select from the following statement GMDSS communication function must all compulsory vessels be capable of performing to meet International Maritime Organization requirements?,Choice,Distress alerting and receipt of Maritime Safety Information via Inmarsat for all vessels Intending to operate in Sea Area A4.,General communications via Inmarsat and receipt of Maritime Safety Information via Enhanced Group Calling in Sea Area A4.,"Distress alerting, general communication and receipt of Maritime Safety Information in the vessel\'s intended area of operation.","Distress alerting and receipt of MSI in Sea Areas A1. A2, A3, and A4 regardless of the vessel\'s intended area of operation.",,,,3,1,
Title,C1 GMDSS - Part 4 of 10,,,,,,,,,,
Description,"Transmit and receive information using GMDSS subsystems and equipment and fulfilling the functional requirements of GMDSS. Combined/deduplicated reviewer, Part 4 of 10 (191 questions).",,,,,,,,,,
Duration,191,,,,,,,,,,
Question,Type,Option1,Option2,Option3,Option4,Option5,Option6,Explanation,Answer,Point,Section
How many total frequencies are available for DSC distress alerting?,Choice,One (1),Two (2),Seven (7),Five (5),,,,3,1,
"When measured directly above given point, solar radiation in the ionosphere is minimum during what time?",Choice,At sunset,At night,At sunlight,At noon,,,,2,1,
"Regarding GMDSS radio installation, how would you describe the requirement for emergency and reserve power?",Choice,There is only one of the above is required if a vessel is equipped with a second 406 EPIRB as a backup means of sending a Distress alert.,For the compulsory ships must have emergency and reserve power sources for radio communications.,An emergency power source for radio communications is not required if a vessel has proper reserve power (batteries).,The reserve power source is not required for radio communications.,,,,2,1,
Reference to Radio Regulation Article 1 Section III Radio Service. What is meant by a mobile-satellite service in which mobile earth stations are located on board ships; survival craft stations and emergency position-indicating radio-beacon stations may also participate in this service?,Choice,Maritime mobile-satellite service,Land mobile service,Land mobile-satellite,Maritime mobile service,,,,1,1,
What does IA5 stands for?,Choice,International Alphabet (ASCII) 16-bit codes,International Alphabet (ASCII) 36-bit codes,International Alphabet (ASCII) 7- bit codes,International Alphabet (ASCII) 8- bit codes,,,,3,1,
What is the responsibility of vessels under GMDSS?,Choice,"Only that vessel, regardless of size, closest to a vessel in distress, is required to render assistance.",Vessel over 300 gross tonnage may be required to render assistance if such assistance does not adversely affect their port schedule.,Every ship is able to perform those communication functions which are essential for the safety of the ship itself and of other ships.,"Vessels operating under GMDSS, outside of areas effectively serviced by shoreside authorities, operating in sea areas A2, and A4 may be required to render assistance in distress situations.",,,,3,1,
In which ADMIRALTY LIST of RADIO SIGNAL (ALRS) publications can you find the frequencies and times of traffic list by coast stations?,Choice,Vol. 1,Vol. 2,Vol. 3,Vol. 4,,,,1,1,
"With an antenna height of 15 meters, what is approximate distance that the SART operates correctly when interrogated by navigation radars?",Choice,At least 1 nautical miles,At least 2 nautical miles,At least 5 nautical miles,At least 3 nautical miles,,,,3,1,
Which of the following is the highest priority communications from ships to shore?,Choice,Security Calls,Urgency Calls,Safety Calls,Distress calls,,,,4,1,
What does EPIRB stands for?,Choice,Emergency Position International Radio Beacon,Enhanced Position Indicating Radio Beacon,Emergency Position Indicating Radio Beacon,Exit Position Indicating Radio Beacon,,,,3,1,
Where was the functional requirements for GMDSS compliant ships (ships to which the SOLAS convention applies) are contained?,Choice,"In Chapter IV, Regulation 2 of the SOLAS Convention","In Chapter IV, Regulation 3 of the SOLAS Convention",In Chapter IV Regulation 5 of the SOLAS Convention,In Chapter IV Regulation 4 of the SOLAS Convention,,,,2,1,
With reference to Radio Regulation Chapter 1 Article 1 Section IV 1.88. Which of the following is a mobile earth station in the maritime mobile-satellite service located on board ship?,Choice,Radionavigation land station,Radiolocation land station,Radiodetermination station,Radionavigation mobile station,,,,1,1,
If your are operating off the Atlantic coast of the United States and synched to the AOR-W satellite. Which Inmarsat Earth Stations would your vessel will utilize for Inmarsat-C traffic?,Choice,"Southbury (USA), Burum (Netherland), Eik (Norway).","Southbury (USA), Nakhoda (Russia), or Beijing (PRC)","Santa Paula (USA), Aussaguel (France), or Eik (Norway)","Southbury (USA), Santa Paula (USA), or Yamaguchi (Japan)",,,,1,1,
"Which of the following two-letter signal are the most commonly used as ""I require immediate assistance""?",Choice,MB,AN,AL,CB,,,,4,1,
How many HF frequencies are available for DSC distress related Calls?,Choice,Five,Four,Two,One,,,,1,1,
Which from the following Service code would you choose when sending an OBS (weather report) with Inmarsat ?,Choice,The meteorological station connected with the CES used.,"MET office Washington, this office will take care of further dispatch of the weather reports.",Swedish meteorological station,KNMI in Holland,,,,2,1,
What is the term for any governmental office responsible in discharging the obligations undertaken in the convention of the ITU and the regulation?,Choice,The Union,Administration,Telecommunications office,Country,,,,2,1,
What equipment is programmed to initiate transmission of Distress alerts and calls to individual stations?,Choice,DSC controller,Facsimile,GPS,NAVTEX,,,,1,1,
"When in standby mode, the SART battery should last up to?",Choice,8 hours,24 hours,48 hours,96 hours,,,,4,1,
"For a DSC distress call, the distress information is contained in four messages. What is the content of Message 1?",Choice,Position,Nature of distress message,Time,Medical transport message,,,,2,1,
"""PAN PAN"" spoken 3 times is heard by the Watch Officer over the Radiotelephone from another station, what does it means?",Choice,The mobile unit is in need of immediate assistance.,The station is preparing to transmit a safety message regarding vessel traffic movements in the area.,The station will transmit a navigation or important meteorological warning message to follow.,The station will transmit an URGENT message possibly concerning the Safety of a mobile unit or person.,,,,4,1,
What sea area is defined as being within range of shore-based MF station that provides for continuous DSC alerting?,Choice,Coastal waters,Sea Area A2,Sea Area A3,Sea Area A1,,,,2,1,
Choose from the following statements concerning MMSI is TRUE?,Choice,All MMSI numbers are 9 digits and contain an MID.,Coast station MMSI numbers have 9 digits starting with 4.,Group MMSI numbers must begin with 2 zeros.,Ship station MMSI numbers can be 7 digits or 9 digits depending on the Inmarsat terminal.,,,,1,1,
"As stipulated in Appendix 16 to the RR, which of the following ITU List of Service Publication shall be provided to all ship stations for a Global Maritime Distress and Safety System (GMDSS) Installation is required by International Agreement?",Choice,ITU LIST IV and V,ITU LIST VI and VIIA,ITU LIST VI,ITU LIST VIIA,,,,1,1,
Who shall refer proposals for the adoption of ship reporting system to the Organization?,Choice,USCG,AMVER,Contracting Governments,Marine reporting system,,,,3,1,
What is the emergency frequency on MF (Medium frequency) radio?,Choice,2617 Hz,2182 Hz,1616 Hz,1718 Hz,,,,2,1,
"In Chapter 3 of the International Code of Signals, Section 2: Request for Medical Assistance, which code should your message describing that the patient has been ill for 3 days?",Choice,MAN 3,MAK 3,MAJ 3,MAM 3,,,,4,1,
"Which of the following 3-letter signal means ""Apply hot compress and renew every 4 hours""?",Choice,MRQ 4,MRP 4,MRS 4,MRR 4,,,,1,1,
"Which of the following 3-letter signal means ""Commence artificial respiration immediately""?",Choice,MRI,MRL,MRJ,MRK,,,,2,1,
"What is the sea area within the radiotelephone coverage area of an MF Coast station, in which continuous DSC alerting is available as defined by the IMO?",Choice,Ocean Region Area,Sea Area A2,Sea Area A3,Sea Area A4,,,,2,1,
What does POR stands for?,Choice,Personal Office Rights,Pacific Ocean Rights,Pacific Ocean Region,Pacific Organization Region,,,,3,1,
Which of the following schedule should EPIRB's be tested without using the satellite system at intervals not to exceed?,Choice,once a day,once a week,once a month,once a year,,,,3,1,
"How do you call the communication between ship stations and shore-based Communication network which concern the management and operation of the ship may have an impact on its safety, E.G. orders for pilot and tug services, charts replacements, repairs, etc?",Choice,General Radio Communications,On-Scene communications,Short range Communication,Navigational Communications,,,,1,1,
Which of the following is an Inmarsat terminals antenna?,Choice,Omnidirectional antenna,Vertical antenna,Whip antenna,Directional antenna,,,,1,1,
What is the medical service permanently staffed by doctors experienced in conducting remote consultations and aware of the particular nature of treatment on board ships?,Choice,Medico,Interco,Medivac,TMAS,,,,4,1,
Which of the following stand for SAR?,Choice,System and Receiver,Services and Rescue,Search and Rescue,Search and Response,,,,3,1,
What should you do when you receives a DSC alert?,Choice,You should immediately set continuous watch on VHF channel 70.,You should immediately set continuous watch on the radiotelephone frequency that is associated with the frequency band which the distress alert was received.,You should immediately set a continuous watch on the NBDP frequency that is associated with the frequency band which the distress alert was received.,No action is necessary as the DSC unit will automatically switch to the NBDP on follow on communication frequency.,,,,2,1,
Which from the following statement a test should be carried out to check at least once per month?,Choice,The correct functioning of the NAVTEX receiver.,Each SART for signs of damage.,That each printer has an adequate supply of paper.,"The reserve source of energy, when it is not on battery.",,,,2,1,
Choose from the following control selections may result in limited receiving range?,Choice,The setting of the squelch control to its minimum level.,The setting of the squelch control to its maximum level.,"The setting of the power switch is set to the \""high\"" output position, resulting in receiver overloading.",The setting of the channel selection switch midway between channels 6 and 16.,,,,2,1,
If you receive a TELEX with the sender's I.D. of 433863491. What type of terminal sent this message to your vessel?,Choice,Inmarsat-B,Inmarsat-M,Inmarsat-C,Land TELEX terminal,,,,3,1,
What does IMO resolution A.814 (19) embodies guidelines for avoiding?,Choice,Unnecessary usage of VHF,False distress alert,Unnecessary communication,Interference,,,,2,1,
"In GMDSS, When is the VHF Channel 70 EPIRB can be substitute for a float free Satellite EPIRB?",Choice,SEA AREA A1,SEA AREA A3,SEA AREA A4,SEA AREA A2,,,,1,1,
"Reference to Radio Regulation Article 1 Section III Radio Service. What is meant by a radiocommunication service between mobile and land stations, or between mobile stations(CV)?",Choice,land mobile service,maritime mobile service,mobile service,land mobile-satellite service,,,,3,1,
What does DNID stands for...?,Choice,Data Network Identification Code,Data reporting Network Identification Code,Direct Network Identification Code,Data reporting Network Identification Code Development,,,,2,1,
Identify from the following statement the best way to test the Inmarsat-C terminal?,Choice,"If the ""Send"" light flashes, proper operation has been confirmed.",Send a brief message to your own Inmarsat-C terminal.,Send a message to a shore terminal and wait for confirmation.,Send a message to another ship terminal.,,,,2,1,
How would you compose your message if you wish to send an e-mail using the Inmarsat-C installation?,Choice,As a FAX,As a TELEX,In ASCII,As a SMS,,,,2,1,
Which of the following would be best be used for visual detection of a distressed vessel?,Choice,A 121.5 MHz EPIRB beacon.,An EPIRB strobe light.,A 9-GHz SARTs beacon.,A SART two-tone alarm.,,,,2,1,
"Your ship has a restricted maneuverability, you want to send a message to all ships in the vicinity requesting to wide berth. The priority for such message is:",Choice,Distress,Urgency,Safety,Routine,,,,3,1,
What should be done on a DSC Relays of DSC Distress alerts received from other ships?,Choice,Only by Inmarsat-C TELEX with Distress priority conveying the follow-on distress traffic that has been heard.,Only when the original DSC call is not acknowledged and no follow-on Distress traffic has been heard.,Preferably by MF/HF voice or TELEX directly to the RCC conveying the follow-on Distress traffic that has been heard.,Only by Inmarsat-B voice or TELEX with Distress priority if no follow-on Distress traffic has been heard.,,,,2,1,
What is the major advantage of the NAVTEX system when compared to other systems?,Choice,A low frequency band is used for long distance transmission.,The information can be received on an ordinary FM radio.,Warnings are printed out for reading when convenient.,Broadcast are at scheduled times.,,,,3,1,
What frequency do radar SARTS work on?,Choice,7 GHZ,8 GHZ,9 GHZ,10 GHZ,,,,3,1,
What does MSC stands for...?,Choice,Mobile Services Committee,Maritime Safety Committee,Maritime Services Committee,Maritime Search Committee,,,,2,1,
What is the required GMDSS equipment which is the primary source of transmitting locating signals?,Choice,A SART transponds on 9 Ghz,Survival Craft Transceiver,An EPIRB transmitting on 406 MHz,Radio Direction Finder (RDF),,,,1,1,
Your ship received a Distress relay from a coast station on DSC frequency 2187.5 kHz. How would the watch officer will demonstrate his action?,Choice,He should monitor 2182.0 kHz to determine if there are any genuine Distress communications.,"He should transmit a voice \""Mayday Relay\"" call on 2187.5 kHz to other vessels in the vicinity.","He should transmit a voice \""Mayday Relay\"" call on 2182.0 kHz to other vessels in the vicinity.",He should retransmit the DSC call on 2187.5 kHz to other vessels in the vicinity to assist in SAR operations.,,,,1,1,
What is distress traffic?,Choice,"In radiotelegraphy, SOS sent as a single character, in radiotelephony, the speaking of the word \""Mayday\"".",Health and welfare messages concerning the immediate protection of property and safety of human life.,Internationally recognized communications relating to emergency situations.,"All messages relative to the immediate assistance required by a ship, aircraft or other vehicle in imminent danger.",,,,4,1,
What is the primary equipment for receiving MSI?,Choice,SART,Inmarsat-A,EPIRB,NAVTEX,,,,4,1,
Who will collate and disseminate to Contracting Governments all relevant information with regard to any adopted ship reporting system?,Choice,IMO,USCG,SOLAS,AMVER,,,,1,1,
What system provides accurate vessel position information to the GMDSS equipment?,Choice,GPS,EPIRB,INMARSAT C,NAVTEX,,,,1,1,
With reference to Radio Regulation Chapter 1 Article 1 Section 1.88. Which of the following is a mobile earth station in the maritime mobile-satellite service located on board ship?,Choice,Radionavigation land station,Radiodetermination station,Radiolocation land station,Radionavigation mobile station,,,,1,1,
Who shall comply with the requirements of adopted reporting systems and report to the authority all information required in accordance with the provisions of each such system?,Choice,VTIS,IMO,The Master of a ship,Government or governments concerned,,,,3,1,
What is the frequency bands that would most likely provide reliable communications between two stations that are 100 miles apart?,Choice,The Medium Frequency (MF) band,The Very High Frequency (VHF) band,The High Frequency (HF) band,The Low Frequency (LF) band,,,,1,1,
Select from the following statement is TRUE regarding the receipt and acknowledgement of actual distress follow-on communications by GMDSS ship stations?,Choice,A coast station has the sole obligation to respond. A ship station should wait for the Coast station MMSI DSC Acknowledgement before taking action. If a coast station has no response in 15 minutes the ship should DSC acknowledge and inform the RCC.,"A ship station that receives a Distress call from another vessel must, as soon as possible, inform the Master or person responsible for the ship of the contents of the Distress communications received.",Alerts concerning navigational hazards are second only to Safety traffic.,"Ship stations in receipt of Distress alert should not defer acknowledgement for a short interval, so that receipt may be acknowledged by the coast station.",,,,2,1,
What is the unit of frequency?,Choice,Channel,Farad,Band,Hertz,,,,4,1,
What is the display you can observed on the radar screen when an activated SART is detected on a distant range?,Choice,6 blips,9 blips,12 blips,36 blips,,,,3,1,
What should a GMDSS Radio operator do if a NAVTEX warning message is received but it contains too many errors to be usable?,Choice,Listen to appropriate VHF weather channel for repeat warnings.,Press RPT button and NAVTEX messages will be reprinted instantaneously.,Do nothing. Vital NAXTEX messages will be repeated on the next scheduled broadcast.,Contact the NAVAREA coordinator and request a repeat broadcast.,,,,3,1,
"Which of the following are personnel, functional, or equipment FCC requirements of the GMDSS?",Choice,"Equipment carriage reduced for sea areas A3 & A4, Distress alerting and response and two FCC licensed GMDSS radio operators.","Equipment carriage based on intended sea area of operations, distress alerting and response and two FCC licensed GMDSS radio operations.","Distress alerting and response, two STCW GMDSS watchstandard, equipment carriage based on intended sea area of operations.","One FCC licensed GMDSS radio operator in sea area A1 & A2, two FCC licensed GMDSS radio operators in sea areas A3 & A4 and equipment carriage based on intended sea area of operations.",,,,2,1,
"If a Distress alert is received on the 12 MHz DSC frequency, how would you demonstrate your action?",Choice,Set the transceiver to 12290.0 kHz simplex J3E emission.,Use DSC to acknowledge/ relay the alert using the 12 MHz DSC frequency.,Set the transceiver to 12520.0 kHz simplex F1B/J2B emission.,Do nothing. Ship is too far away to render assistance.,,,,1,1,
What is the main idea of mutual- assistance vessel rescue System (AMVER)?,Choice,Mandatory ship reporting system operated by Australian Maritime Safety Administration.,Mandatory of a search and rescue system imposed to all vessels in international trade.,An international system operated by the US Coast guard providing coordination of search and rescue efforts.,Mandatory ship reporting system operated by Japan Maritime Safety Agency.,,,,3,1,
How do VHF radio waves propagate through the atmosphere?,Choice,Reflected by the ionosphere.,Absorbed by the ionosphere.,Refracted from the ground.,Diffracted like light.,,,,2,1,
"Your ship is participating in the AMVER reporting system, which of the following report is sailing at your departure?",Choice,AMVER/DP//,AMVER/PR//,AMVER/DR//,AMVER/SP//,,,,4,1,
"When in transpond mode, the SART battery should last up to?",Choice,96 hours,48 hours,24 hours,8 hours,,,,4,1,
"In accordance with relevant recommendations, which international body is responsible for the technical characteristics of AIS-SART?",Choice,ITU,IMO,SOLAS,ICAO,,,,1,1,
"Over water, what should be the detectable range of an AIS-SART?",Choice,10 nm,8 nm,5 nm,12 nm,,,,3,1,
What should the Master do if a technical failure prevents a ship from reporting in a Mandatory Ship Reporting System?,Choice,Enter the fact and reasons for not reporting in the ship's oil record book.,Enter the fact and reasons for not reporting in the ship's log.,As long as you send rectification report when leaving the area covered by the system.,Obtain permission from charterer and note the failure in ship's log.,,,,2,1,
What is this code to obtain information about subscribers in the country where the service provider is located?,Choice,00,11,13,14,,,,4,1,
What is the joint international satellite aided SAR system?,Choice,IMO,MARAD,INMARSAT,COSPAS SARSAT,,,,4,1,
"While underway, how frequently is the DSC controller required to be tested?",Choice,Once a day,Once a week,Once a month,Twice a week,,,,1,1,
Which of the following is not a CORPAS-SARSAT beacons?,Choice,EPIRB,SART,ELT,PLB,,,,2,1,
Which statement is NOT true regarding the COSPAS-SARSAT system?,Choice,Doppler shift is used to locate the beacons.,EPIRBs are satellite beacons used as alerting/locating devices.,Locate Distress beacons transmitting on 406 MHz.,Maybe used to transmit public correspondence.,,,,4,1,
What feature is NOT found on 406 MHz satellite EPIRB units?,Choice,Emergency transmission on 406.205 MHz.,121.5 MHz emergency homing transmitter.,Aural locator signal.,Float free release bracket,,,,3,1,
What sea area is defined as being within range of s shore-based MF station that provides for continuous DSC alerting?,Choice,Coastal waters,Sea Area 2,Sea Area A3,Sea Area A1,,,,2,1,
How long should station logs be retained when there are no entries relating to distress or disaster situations?,Choice,Until authorized by the commission in writing to destroy them.,For a period of three years from the date of entry unless notified by the FCC.,"Indefinitely, or until destruction is specifically authorized by the U.S. Coast Guard.",For a period of one year from the date of entry.,,,,4,1,
How would you describe on the following statement concerning Inmarsat-B and Inmarsat-C terminal is CORRECT?,Choice,Both Inmarsat-B and Inmarsat-C units can send data as well as send messages to fax machines.,"Inmarsat-B units are uncapable of data communications, but Inmarsat-C units are capable of data communications.",Both Inmarsat-B and Inmarsat-C units are capable of fax and voice communications.,"Inmarsat-B units are capable of data communications, but Inmarsat-C units are uncapable of data communications.",,,,1,1,
Which frequency must be used by a coast station to transmit a DSC international Routine shore-to-ship alert?,Choice,2177 KHz,2182 KHz,2187.5 KHz,2189.5 KHz,,,,1,1,
What is the most common type of antenna for GMDSS MF-HF?,Choice,horizontally polarized long wire antenna.,Satellite radome with vertical polarization.,Vertical polarized whip antenna.,Horizontally polarized vertical whip antenna.,,,,3,1,
What is the emission designation for VHF-FM?,Choice,A3E,F3E,R3E,F3C,,,,2,1,
What do you call the Radiowave propagation in its distance traveled by a radiowave from one wavetop to another?,Choice,Wavelength,Static duration,Frequency,Magnetic field,,,,1,1,
Which statement is CORRECT regarding a vessel equipped with GMDSS equipment that will remain in Sea Area A1 at all times?,Choice,The vessel must be provided with a radio installation capable of initiating the transmission of ship-to-shore Distress alerting from the position from which the ship is normally navigated.,HF or MF DSC may satisfy the equipment requirement.,HF SSB with 2182 kHz automatic alarm generator may satisfy the equipment requirement.,VHF DSC alerting may be the sole means of Distress alerting.,,,,1,1,
Select from the following the frequency range for Very High Frequency?,Choice,3-30 MHz,10-30 MHz,30-300 MHz,"300-3,000 kHz",,,,3,1,
What is the code used to obtain information about a subscriber in a country other than where the services provider is located?,Choice,00,11,12,13,,,,3,1,
What is usually the first step for a GMDSS Radio Operator to take when initiating a Distress priority message via Inmarsat?,Choice,"By contacting the LES operator using the radiotelephone Distress procedure \""Mayday\"" .. etc.","By pressing a \""Distress Button\"" or \""Distress Hot Key\"" on the equipment.",By dialing the correct code on the telephone remote unit.,By contacting the LES operator and announcing a Distress condition is in existence.,,,,2,1,
Which of the following situations would normally use the safety priority?,Choice,Steering gear failure in approaching harbour.,Engine failure in congested water.,Man overboard,A scenario concerning an important navigational warning.,,,,4,1,
What does SCADA stands for...?,Choice,Supervisory Center and Data Acquisition,Special Control and Data Authority,Supervisory Control and Data Acquisition,Super Control on Data Authority,,,,3,1,
Which of the following frequency bands would most likely provide reliable communications between two stations that are 100 miles (160 km) apart?,Choice,The High frequency (HF) band,The Medium Frequency (MF) band,The Low frequency (LF) band,The Very High Frequency (VHF) band,,,,2,1,
Choose from the following the best description for a shipboard Inmarsat-C system?,Choice,It is a satellite communications system that also provides continuous digital Selective Calling coverage for all ocean regions.,It is a satellite communications system that provides real-time connectivity.,"It is a small, lightweight terminal capable of providing satellite store-and-forward message communications.","It is a small, Light weight terminal used to transmit messages over high frequency(HF) bands to communicate through a satellite.",,,,3,1,
What does MES stands for?,Choice,Mobile Earth Station,Mobile Emergency Station,Mission Enhanced Services,Mobile Earth Services,,,,1,1,
Which of the following channel is designated as the VHF follow-on communications channel and is required in all portable survival craft equipment?,Choice,2182 KHZ MF,8291 SSB,Channel 16,Channel 70,,,,3,1,
"The MMSI is used in all of the following DSC calls ""EXCEPT""?",Choice,Routine alert call to all station,distress calls and all ships call,Safety alert and all ships call,Urgency alert and all ships call,,,,2,1,
What is FALSE about HF communication?,Choice,Sky wave propagation,Shortwave propagation,Not affected by time of day,It bounces back to Earth,,,,3,1,
Select from the following references should be consulted to identify the name of a vessel based on its Maritime Mobile Service Identity?,Choice,ITU List of Ship Stations and Maritime Mobile Service Identity Assignments,ITU List of Coast Stations.,ITU Master Plan of Shore Based Facilities,ITU List of Radio determination and Ship Stations,,,,1,1,
"If a vessel is operating in an area outside Zones A1, A2 and A3, this vessel is operating within what area for GMDSS purposes?",Choice,Sea area A4,Great Lakes area,Baltic Sea Area,Persian Gulf Area,,,,1,1,
"What is meant by the term ""radio silence""?",Choice,Restricted working is imposed.,Restricted working is lifted.,Stations not directly involved with the ongoing distress communications may not transmit on the distress frequency or channel.,Stations may transmit every time there is silence in the frequency of channel that is being used in the distress traffic.,,,,3,1,
Under what condition would you relay a DSC Distress alert?,Choice,You should never relay a distress alert the Coast Station and RCC will do that.,You could relay anytime if you feel deem necessary.,If the mobile unit in Distress is incapable of sending further distress alert communication.,When the Coast Station determine further help is necessary.,,,,3,1,
What is the possible reason for an individual battery cell to reverse polarity?,Choice,The charging circuits are connected in the correct polarity but all of the cells are equally charge.,The discharge current will effectively charge the weaker cell.,High discharge rates without allowing for a cool down period.,Insufficient charging which does no bring all of the cells up to full charge.,,,,2,1,
Which of the following MMSI belongs to a Philippines registered vessel?,Choice,541823400,854123400,584123400,548123400,,,,4,1,
Which statement is false regarding the GMDSS requirement for ship sources of energy?,Choice,"If a vessels\'s position is constantly required for the proper performance of a GMDSS station, provision must made to ensure position information is uninterrupted if the ship\'s source of main or emergency energy falls.","At all times while the vessel is at sea, a sufficient supply of electrical energy to operate the radio installations and charge any batteries which may be part of the reserve source of energy is required.",An uninterruptible power supply or other means of ensuring a continuous supply of electrical power to all GMDSS equipment that could be affected by normal variations and interruptions of ship\'s power is required.,The reserve sources of energy need to supply independent MF and HF radio in stallations at the same time.,,,,4,1,
What is the normal schedule for checking and testing of EPIRB?,Choice,annually,monthly,daily,weekly,,,,2,1,
"What does ""PC"" stands for?",Choice,Personal Computer,Public Centre,Public Computer,Personal Control,,,,1,1,
How to alert other ship in the vicinity of the ship in distress and are based on the used on DSC in the VHF and MF bands?,Choice,shore to ship distress alert,Ship-to-ship distress alert,ship to shore distress alert,Ship to aircraft distress alert,,,,2,1,
What is the code use to make automatic telex calls using the international telex country?,Choice,11,10,00,01,,,,3,1,
In which Sea Area the radio coverage of MF coast stations where a continuous Digital Selective calling is available?,Choice,Sea Area A2,Sea Area A1,Polar Area,Sea Area A3,,,,1,1,
The initial report required from a ship entering a ship reporting system should generally be limited to the following EXC???:,Choice,Position,IMO identification number,Ship's name,Port of destination,,,,4,1,
"In the International Code of Signals, what does a group of three letters indicates?",Choice,A group from general signal code.,A group from the medical signal code.,The vessel national identity signal.,Urgency or an emergency.,,,,2,1,
Choose from the following is a nonfunctional requirements for GMDSS compatible ships?,Choice,"Transmit and receive on-scene communications, including appropriate SAR coordinating communications.",Transmitting and receiving on- scene communications.,Transmit locating signals.,Transmit ship-to-ship distress alerting.,,,,2,1,
"Reference SOLAS IV, Regulation 2, this means automated telegraphy techniques which comply with the relevant recommendations of the International Radio consultative committee?",Choice,Direct printing telegraphy,Direct Telephony and telegraphy,Direct Telephony,DSC,,,,1,1,
Who should comply with the requirements of an adopted mandatory reporting systems?,Choice,Ship owners,Ships,Flag administrations,Masters,,,,2,1,
Which of the following ALRS volume includes radio details for: I.Listing of VHF Radio Direction-Finding Stations II. Radar Beacons (Racons and Ramarks) III. Known operational Automatic Identification System (AIS) IV. Aids to Navigation (AtoN) V. Radio beacons transmitting DGPS corrections VI. International Standard and Daylight Saving Times and Dates VII. International Radio Time Signal Broadcast details?,Choice,Volume 1 (NP281),Volume 3 (NP283),Volume 5 (NP285),Volume 2 (NP282),,,,4,1,
"What is the two letter signal which means ""I AM ON FIRE""?",Choice,"""GB""","""CI""","""NC","""IT""",,,,4,1,
"You are intending to call a particular Coast Station, which publication shall you consult to find out the frequencies used by the said station?",Choice,ITU list of call signs and numerical identities,ITU list of radio determination and special service station,ITU list of coast station or ALRS VOL. 1 Part 1 & 2,ITU list of ship station,,,,3,1,
What is the function of automatic gain control or AGC of digital communications receivers?,Choice,To keep received audio relatively constant.,Protect an antenna from lightning.,An asymmetriconiometer cntrol used for antenna matching.,To eliminate RF on the station cabling.,,,,1,1,
Choose from the following statement is a functional or carriage requirement for compulsory vessels?,Choice,A compulsory vessel must carry at least two(2) FCC Licensed GMDSS Radio Operators in all sea areas as well as a GMDSS Maintainer in sea areas A3 & A4.,A compulsory vessel must satisfy certain equipment carriage requirements based on the intended sea area of operation.,A compulsory vessel must be able to transmit and respond to Distress alerts and carry only one(1) FCC Licensed GMDSS Radio Operator in sea areas A1 & A2.,None of these answers are correct.,,,,2,1,
Which of the following systems is not used in radio detection and ranging?,Choice,Frequency modulation,Pulse radar,Frequency shift,Amplitude modulation,,,,4,1,
What is the correct DSC Alert Priority to be used for sending a Distress Alert on behalf of another vessel?,Choice,Distress,Urgency,Mayday relay,Distress relay,,,,4,1,
What is the exchange of medical information and recommended treatment for sick or injured persons where treatment cannot be administered directly by prescribing medical personnel?,Choice,MEDICO,MEDEVAC,Telemedical assistance service (TMAS),Mass Rescue Operation,,,,1,1,
To indicate correct operation of the AIS-SART be equipped with the following means EXCEPT:,Choice,Visual.,Automatic.,Both audible and visual.,Audible.,,,,2,1,
How would you compare the frequency range for Medium Frequency?,Choice,From 10-30 MHz,From 30-300 kHz,"From 300-3,000 kHz","From 1,000-10,000 kHz",,,,3,1,
"The book which aims to provide guidance to those who, during emergencies at Sea, may require assistance or may be able to render assistance is?",Choice,Admiralty list of radio signals,MERSAR manual,ITU list of Coast Station,IAMSAR manual,,,,2,1,
Reference to Radio Regulation Article 5 Section 1 Region and Areas. What can you say about the allocation of frequencies the world has been divided into how many regions?,Choice,Five (5),Four (4),Two (2),Three (3),,,,4,1,
Vessels operating in which sea area(s) are required to carry either Inmarsat or HF equipment or a combination thereof under GMDSS?,Choice,A1,A2,A3,A4,,,,3,1,
Which of the frequency is allocated as the GMDSS Digital Selective Calling Frequency?,Choice,2182 KHz,156.525 MHz,156.300 KHz,156.525 KHz,,,,2,1,
What is the term that refers to a land station in a maritime mobile service?,Choice,Maritime station,Ship earth station,Coast station,Coast earth station,,,,3,1,
You are in Sea Area A1 and require medical assistance from Aberdeen Coastguard. What you should initially transmit on Ch.70?,Choice,A DSC Urgency call addressed to Aberdeen Coastguard MMSI.,A DSC Distress Alert addressed to Aberdeen Coastguard\'s MMSI.,A DSC Routine call to all stations.,A DSC Safety call to all stations.,,,,1,1,
Which of the following is a form of amplitude modulation?,Choice,Phase shift keying,Spread-spectrum,Packet radio,Single sideband,,,,4,1,
How would you compare the frequency range for Very High Frequency?,Choice,From 10-30 MHz,From 3-30 MHz,From 30-300 MHz,"From 300-3,000 kHz",,,,3,1,
What can you say about the frequency used in the international NAVTEX system?,Choice,Navtex frequency is 518 KHZ,Navtex frequency is 490 KHZ,Navtex frequency is 4209.5 KHZ,Navtex frequency is 2182 KHZ,,,,1,1,
Select from the following is the Appropriate Safety convention Certificate?,Choice,"ITU List IV & List V, Appropriate Safety convention Certificate & ITU manual for Maritime Mobile stations","Appropriate Safety conventionCertificate, ITU Maaster Plan of GMDSS CAoast stations, and ITU manual for Maritime Mobile stations","ITU List IV & List V, appropriate Safety Convention certificate & IMO manual for Maritime Mobile stations","ITU Master Plan of GMDSS coast stations, ITU manual for Maritime Mobile stations, ITU List IV & List V",,,,1,1,
VHF communication is sometimes referred to as?,Choice,Line of sight communication.,Ground wave propagation,Bridge-bridge communication.,Short range communication.,,,,1,1,
"Which of the following 3-letter signal means ""Give enema""?",Choice,MRS,MRU,MRY,MRX,,,,4,1,
"Which of the following 3-letter signal means ""To induce sleep, give two sedative tablets""?",Choice,MSK,MSJ,MSL,MSM,,,,1,1,
What does AORE stands for?,Choice,Above Ocean Region East,Atlantic Operators Region East,Atlantic Operators Radio Emergency,Atlantic Ocean Region East,,,,4,1,
What names are used to prevent the reception of unwanted broadcasts by vessel's utilizing the NAVTEX system?,Choice,Automatic receiver desensitization during night hours.,Operating the receiver Only during daytime hours.,Programming the receiver to reject unwanted broadcasts.,Coordinating reception with published broadcast Schedules.,,,,3,1,
Choose from the following statements the preparation to be carried out during an annual GMDSS station inspection?,Choice,GMDSS operators may be required to demonstrate equipment competencies and any of required equipment that is not fully operational can be repaired at the next port of call as long as there is functional duplications.,All required documents and publications might have to be produced and GMDSS operators may be required to demonstrate equipment competencies.,Licensed GMDSS operators may not be required to demonstrate equipment competencies but all required equipment must be fully operational.,All required equipment must be fully operational and any required publications that are not current must been ordered.,,,,2,1,
A NAVTEX message has the preamble ZCZCTD00. What type of message is this?,Choice,Navigational Warning,meteorological Warning,Search and Rescue information,SAR information,,,,4,1,
What is the code used for directly transmitting a message originated from a MES to a selected telegraph office for delivery by mail or other appropriate means (Inmarsat-C only)?,Choice,22,24,21,17,,,,2,1,
Which is the key part of the search and rescue system under GMDSS?,Choice,AMSAT satellites,U.S. Space Agency satellites,COSPAS/SARSAT satellites,NASA satellites,,,,3,1,
"In lifeboat or liferaft, what is a method of maximizing the effectiveness of an SART?",Choice,Hold or mount the unit as high as possible.,Extend the length of the transmitting antenna.,Place the SART into the sea as soon as possible to begin transmitting.,Replace the internal battery with the AC power adapter.,,,,1,1,
What indication is given to the personnel of survival craft of the approach of another vessel?,Choice,The SART will provide a visual or audible indication of interrogation by a 3 CM radar.,The VHF portable will provide a visual indication.,The VHF portable radio will emit an audible alarm signal on 156.525 MHz.,The Satellite EPIRB will emit an audible signal.,,,,1,1,
What is the correct format for an RT Urgency call?,Choice,PAN PAN (3 times) All stations (3 times) this is Nonsuch (3 times) GBAC 232123456,SECURITE (3times) All station (3 times) this is Nonsuch (3 times) GBAC 232123456,All stations (3 times) this is Nonsuch (3 times),PAN (3 times) this is Nonsuch GBAC 232123456 (3 times),,,,1,1,
Choose from the following system has the least effective radius of operation?,Choice,MF SITOR (NBDP),HF SITOR (NBDP),NAVTEX,VHF DSC,,,,4,1,
Vessel operating in which sea area(s) are required to carry either Inmarsat or HF equipment or a combination thereof under GMDSS?,Choice,Sea Area A1,Sea Area A3,Sea Area A4,Sea Area A2,,,,2,1,
Which of the following stand for RSC?,Choice,Rescue Services Center,Rescue Sub Centre,Rescue Special Cooperative,Rescue Services Committee,,,,2,1,
"Reference SOLAS IV, Regulation 1, Every ship shall be equipped with NAVTEX and EPIRB not later than:",Choice,"February 1, 1992","July 8, 1993","August 1, 1993","November 9, 1991",,,,3,1,
"Distress traffic consists of the following, EXCEPT for?:",Choice,nature of distress,time,Position,medical transports messages,,,,4,1,
Can you choose which one of the following number is a ship station SELCAL?,Choice,11243,1502352,230364973,1104,,,,1,1,
When attempting to contact other vessels on channel 16:,Choice,"Limit Calling to 25 seconds and if no answer received, wait 3 minutes before calling vessel again.","Limit calling to 25 seconds and if no answer received, wait 5 minutes before calling vessel again.","Limit Calling to 30 seconds and if no answer received, wait 5 minutes before calling vessel again.","Limit calling to 30 seconds and if no answer received, wait 2 minutes before calling vessel again.",,,,4,1,
Which is true concerning a required watch on VHF Ch-16?,Choice,"When a vessel is in an A1 sea area and subject to the Bridge- to-Bridge act and in a VTS system, a watch is not required on Ch-16 provided the vessel monitors both Ch-13 and the VTS channel.","It is not always compulsory in sea areas A2,A3 and A4.","When a vessel is in an A1 sea area and subject to the Bridge- to Bridge act and in a VTS system, a watch is required on Ch-16 in addition to both Ch-13 and the VTS channel.","It is not compulsory at all times while at sea until further notice, unless the vessel is in a VTS system.",,,,1,1,
What statement is TRUE regarding the additional equipment carriage requirement imposed for the survival craft of vessels over 500 gross tons?,Choice,Four additional portable VHF radios are required.,The ability to communicate in all modes with any shore station.,Additional carriage of two radio equipped lifeboats aft.,A second radar transponder is required.,,,,4,1,
"Select from the following frequencies does channel 70 operates as digital selective calling for Distress, Safety and Calling frequency?",Choice,157.526 MHz,156.526 MHz,159.526 MHz,158.526 MHz,,,,2,1,
"Choose from the following characters that are sent by the ship station when opening HF Telex, to indicate a desire to send message to AMVER?",Choice,AMV+,MSG,AMV,MSG+,,,,1,1,
What is the correct form for an RT Distress Message following a DSC Distress Alert?,Choice,"MAYDAY, name, call sign, and MMSI, position, nature of damage, assistance required, further relevant information.","MAYDAY, name, call sign, and MMSI, assistance required, position.","MAYDAY, name, call sign, and MMSI, position, nature of distress, name of the Master.","MAYDAY, nature of distress, assistance required, further relevant info.",,,,1,1,
"With reference SOLAS IV, Regulation 2, terms and Definition this is the coordinated broadcast and automatic reception on 518 kHz of maritime safety informations by means of narrow band direct printing telegraphy using English Language. Which from the following conform with the term and definition of the regulation?",Choice,WEATHER FAX,NAVTEX,EPIRB,DSC,,,,2,1,
Which of the following stand for SDR stand?,Choice,Search Data Region,Special Data Rights,Special Drawing Rights,Ship Data Rights,,,,3,1,
"Using high or maximum power on a MF transmitter, what typical range it would give?",Choice,About halfway around the world,About 150 miles range,Worldwide range,About 50 miles range,,,,2,1,
"In radiotelephony ""SEELONCE FEENE"" means?",Choice,Distress has not ended and normal working may not be resumed.,Search and rescue operation is still ongoing.,Distress has ended and normal working may be resumed.,Restricted may not be resumed.,,,,3,1,
Which of the following options should be done if there is no reply on your transmitted distress calls in channel 16?,Choice,a. Make a radio check to attract attention and confirm that the unit is working properly. b. Increase the volume of the receiver before transmitting again to have a strong signal. c. Key the microphone several times to be sure that it is working before transmitting again. d. Repeat the message using any other channel on which you might attract attention.,Increase the volume of the receiver before transmitting again to have a strong signal.,Key the microphone several times to be sure that it is working before transmitting again.,Repeat the message using any other channel on which you might attract attention.,,,,4,1,
"To ensure receipt of all relevant MSI, a NAVTEX receiver should be turned on at least how many hours prior to departure from port?",Choice,2,6,8,4,,,,3,1,
"What is the two-letter signals which means ""I AM DISTRESS AND REQUIRE IMMEDIATE ASSISTANCE""?",Choice,"""NM""","""NC""","""GB""","""CI""",,,,2,1,
"SITOR equipment is a full, partial or alternate carriage requirement under GMDSS for vessels operating in which sea area(s)?",Choice,A3,A2,A1 and A2,A3 and A4,,,,4,1,
"Which of the following 3-letter signal means ""You should follow treatment in your own medical guide""?",Choice,MRO,MQP,MRJ,MQT,,,,3,1,
Which of the following details of additional services supplied according to ITU List IV is excluded? I. Medical advice II. Navigational and Meteorological warnings III. MSI (Maritime Safety Information) IV. AIS (Automatic Identification System) V. Radiobeacon Station VI. VTS Station VII. DGNSS Station VIII. Contact Information of RCC IX. Port information and Pilot station?,Choice,"I,II, III,VII and VIII only","I,II, III, IV, VIII and IX only","I,II,III, IV, VI, VIII and IX only",V and VII only,,,,4,1,
How would you describes modulation?,Choice,Imposing intelligence onto a radio carrier signal.,Changing mark-space to 1 and 0.,Converting the carrier from a low frequency to a higher frequency.,Adjusting the frequency to the optimum band for long distance communications.,,,,1,1,
How would you describe the importance of ventilating a ship's battery locker?,Choice,To prevent sulphation on the terminals.,To allow oxygen into the locker to assist charging.,To reduce the risk of explosion.,To keep the cell tops dry.,,,,3,1,
What does LES stands for?.,Choice,Local Earth Station,Land Earth Station,Low Earth Station,Land Earth Services,,,,2,1,
How would you demonstrate the power method MF DSC equipment should be tested?,Choice,"Weekly, by means of an internal test","Weekly, by contacting a coast station","Monthly, by contacting a coast station","Monthly, by means provided by the equipment",,,,2,1,
To whom should the Master has to lease with where the Radio Medical Advice suggests emergency evacuation of the patient to shore medical facility?,Choice,Nearest Coastal state MRCC,Designated Person ashore,WHO International Medical Guide for Ships,CIRM,,,,1,1,
What is the signal transmitted in J2B mode?,Choice,An upper sideband of a single tone switched on and off.,An upper sideband of 2 alternating tones.,A full carrier and two sidebands.,A full carrier and one sideband.,,,,2,1,
Which of the following is nonoperating DSC watch frequency?,Choice,2187.5 kHz,6312.0 kHz,2182.0 kHz,12577.0 kHz,,,,3,1,
Which of the following statements concerning EPIRB alerts is FALSE?,Choice,406 MHz EPIRB units may be equipped with GPS receiver.,The INMARSAT system provides worldwide coverage for Distress alerts.,The GOES weather satellites are in a geostationary orbit.,The COSPAS SARSAT system may take a full hour or more to provide an alert.,,,,2,1,
"Reference SOLAS IV, Regulation 2, what is meant by an area, excluding sea areas A1 and A2, within the coverage of an INMARSAT geostationary satellite in which continuous alerting is available?",Choice,Sea Area A1,Sea Area A2,Sea area A4,Sea Area A3,,,,4,1,
A GMDSS equipped ship has to send a distress call. The call sequence to be followed is?,Choice,Send DSC distress alert.,Send the distress message alert.,Wait for acknowledgement-send DSC distress alert-Send the distress message.,Send DSC distress alert-Wait for acknowledgement-send the distress message.,,,,4,1,
Choose the best answer that would indicate an Inmarsat -C terminal?,Choice,A 9 digit number beginning with the MID.,A 9 digit number always starting with 4.,A 9 digit number always starting with 3.,A 7 digit number.,,,,2,1,
How would you classify the MMSI number 259289000?,Choice,It is a ship station,It is coast station,It is ship earth station,It is group of ship stations,,,,1,1,
How would you compare the frequency range for Ultra High Frequency?,Choice,"From 300-3,000 MHz",From 30-300 MHz,From 3-30 MHz,From 10-30 MHz,,,,1,1,
Identify which of the following numbers indicates a ship station MMSI?,Choice,030356328,3372694,3384672,623944326,,,,4,1,
What is the abbreviation of MID means?,Choice,Marine Indemnity Directory,Mobile Identification Number,Mobile Interference Digits,Maritime Identification Digits,,,,4,1,
"In the terrestrial radio service, which of the following category, message with the highest priority?",Choice,Master's report to an agency,Weather observation,Telephone call to ship's owners,Message to agent on ship's business,,,,2,1,
What sea area is defined as being within range of a shorebased MF station which provides for continuous DSC alerting?,Choice,Coastal water,Sea area A2,Sea area A1,Sea area A3,,,,2,1,
"In the VHF band, what is the correct channel for making Routine DSC Alerts?",Choice,Ch. 70,Ch. 67,Ch. 16,Ch. 06,,,,1,1,
Which from the following statements is FALSE for a MF/HF DSC Distress call?,Choice,It always requests J3E Voice follow -on communications so other vessels can hear the Mayday,It will send a more detailed Distress format if time permits and operator data entries are correctly performed.,"It will send the minimal necessary information using the \""Distress Button\"" or \""Distress Hot Key\"" .",It does not contain all the information normally of interest in on-scene Distress communications.,,,,1,1,
Which GMDSS system is least likely to be affected atmospheric disturbances?,Choice,NAVTEX,HF NBDP,MF NBDP,INMARSAT,,,,4,1,
What single letter signal is used for the man overboard?,Choice,S,R,O,D,,,,3,1,
