Title,C1 GMDSS - Part 3 of 10,,,,,,,,,,
Description,"Transmit and receive information using GMDSS subsystems and equipment and fulfilling the functional requirements of GMDSS. Combined/deduplicated reviewer, Part 3 of 10 (191 questions).",,,,,,,,,,
Duration,191,,,,,,,,,,
Question,Type,Option1,Option2,Option3,Option4,Option5,Option6,Explanation,Answer,Point,Section
VHF-DSC radiotelephone installation must be tested at what minimum intervals at sea?,Choice,Daily,Monthly,Annually by the class,At the annual SOLAS inspection,,,,1,1,
Which of the following is a nonfunctioning of a satellite under COSPAS-SARSAT using satellite EPIRB's?,Choice,After the EPIRB's position is calculated using the Doppler shift COSPAS-SARSAT satellite provide follow-on SAR communications.,Doppler shift of EPIRB signal is measured and the EPIRB\'s position is calculated.,Information received from EPIRB's is time-tagged and transmitted to any Local User Terminal in the satellite\'s view.,Relayed satellite message includes the EPIRB ID number which provides a reference for retrieval of vessel information from the shore database.,,,,1,1,
Which of the following statements is describing a fixed RADIOTELEPHONE?,Choice,A units operating in the routine mode which is capable of telegraphic transmission.,A fixed unit that could received meteorological and navigational warning.,Fixed units operate in the routine mode with RF power level no greater than 1 watt.,Fixed units that could send and received radio bearing signals operating in greater wattage.,,,,3,1,
Which of the following EPIRBs is most likely to be used to transmit a distress alert signal?,Choice,Class A EPIRBS,406 MHz EPIRBS,121.51.243 MHz EPIRBS,S-Band EPIRBS,,,,2,1,
In which frequency band does a search and rescue transponder operate?,Choice,S-band,406 MHz,3 GHz,9 GHz,,,,4,1,
Which of the following is CORRECT when a paper model NAVTEX receiver runs out of paper?,Choice,The system will automatically change from receiving MSI by NAVTEX to receiving it by SafetyNETTM so that no messages will be lost.,It may give off either an audible and/or visual alarm.,MSI messages may be missed because the unit cannot print them out.,The unit is unable to print messages and all subsequent MSI broadcasts may be missed until the paper is replaced.,,,,1,1,
Which of the following is the primary frequency that is used exclusively for NAVTEX broadcasts internationally?,Choice,"VHF channel 16 when vessel is sailing in Sea Area A1, and 2187.5 kHz when in Sea Area A2.",518 kHz,2187.5 kHz,4209.5 kHz,,,,2,1,
Which of the following is not consider a part of the radiotelephone distress message?,Choice,"Particulars of its position, latitude and longitude, and other information which might facilitate rescue, such as length, color and type of vessel, number of people on board.",Nature of distress and kind of assistance desired.,"MAYDAY spoken three times, call sign and name of vessel in distress.","Securitee spoken three times, call sign and name of the vessel.",,,,4,1,
Which of the following statements describes the carrier?,Choice,There are always sidebands on either side of the carrier.,The carrier is a Radio Frequency(RF) signal that is modulated to carry intelligence.,The carrier consists of at least 3 separate but closely spaced frequencies.,The carrier is used to modulate the information signal.,,,,2,1,
How many types there are in an AMVER reports?,Choice,3,4,6,8,,,,2,1,
What does DSC stands for?,Choice,Data Selective Calling,Digital Selective Calling,Data Service Code,Digital Service Code,,,,2,1,
"In GMDSS, What is the channel used for the VHF DSC calling for public correspondence?",Choice,Channel 70,Channel 2,Channel 1,Channel 13,,,,1,1,
In what Conditions would you relay a DSC distress alert?,Choice,You should never relay such an alert the Coast Station & RCC will do that.,If the mobile unit in distress request to relay the Distress Alert communications.,If Coast Station request to relay the distress alert communication.,If the mobile unit in distress is incapable of further Distress Alert communications.,,,,4,1,
What is the transmitting range of most NAVTEX stations?,Choice,Typically 200-400 nautical miles (360-720 km).,Typically 50-100 nautical miles (90-180 km) from Shore.,Typically upwards of 1000 nautical miles (1800 km) during the daytime.,It is limited to line of sight or about 30 nautical miles (54 km),,,,1,1,
"What is this code to obtain assistance to connect to a subscriber in a country where the service provider is, in any country which does not have an international operator?",Choice,00,11,12,13,,,,4,1,
How should the signal from a Search and Rescue Radar Transponder appear on a radar display?,Choice,A series of spirals all originating from the range and bearing of the SART.,A series of 12 equally spaced dots.,A series of twenty dashes.,A Series of dashes.,,,,2,1,
"Choose from the following ALRS Volume that includes information for: A. Worldwide communication requirements for distress, search and rescue B. Extract from SOLAS and ITU Regulations C. Distress and SAR (incorporating MRCC and MRSC contacts) D. Worldwide NAVTEX and Maritime Safety Information?",Choice,Volume 3 (NP293),Volume 6 (NP286),Volume 5 (NP285),Volume 4 (NP284),,,,3,1,
Which statement support on the mutual interference on 518 KHz among NAVTEX stations?,Choice,"Station codes are not shared by other NAVAREAS, transmissions scheduled on a time-sharing basis and power limited.","Transmissions scheduled on a time-sharing basis, power limited and station assignment codes are geographically separated.","Transmitter power is limited, station assignment codes are not shared by other NAVAREAS and stations alternate between daytime and nighttime operations.",All stations transmit at the same time but stations are limited to daytime operation only to reduce the radius of propagation.,,,,2,1,
Ship Reporting System should be considered for adoption by the Organization only if supported by a demonstrated need to address one or more of the following EXC???:,Choice,To promote co-operation among search and rescue.,The safety and efficiency of navigation.,To increase the protection of the marine environment.,The improvement of the safety of life at sea.,,,,4,1,
"If your vessel is entering pirate risk area, which ALRS Volume you will refer for anti piracy contact table?",Choice,Volume 1 (NP281),Volume 2 (NP282),Volume 3 (NP283),Volume 5 (NP285),,,,1,1,
What should be the temperature range for an AIS-SART can be stowed throughout without damaging?,Choice,-10C to +90C,-30C to +70C,-50C to +90C,-40C to +70C,,,,2,1,
How many pieces of portable GMDSS VHF transceivers must be provided for a ship of 450 gross tonnage?,Choice,5,4,3,2,,,,4,1,
What do you call the time it takes for a radio wave to move from zero to 360 degrees?,Choice,It is called peak.,It is called period.,It is called comma.,It is called lambda.,,,,2,1,
What does DC Stands for?,Choice,Direct Current,Data Code,Data Circuit,Data Current,,,,1,1,
What does the message 2 in the DSC distress call contains?,Choice,Distress coordinate message.,Nature of Distress,Time indication (UTC) when the Coordinates were valid.,Single character to indicate the type of communication which is preferred by the station in distress for subsequent exchange of distress traffic.,,,,1,1,
"What does the abbreviation ""LED"" stand for?",Choice,Lighter Emission Diode,Liquid Ejecting Diode,Light Emitting Diode,Liquid Emitting Diode,,,,3,1,
What does BDE Stands for...?,Choice,Below Data Equipment,Below Deck Equipment,Below Deck Enhancement,Bits Digital Equipment,,,,2,1,
Choose from the following statement a compulsory vessel is NOT allowed to leave port?,Choice,When the vessel is carrying only two licensed GMDSS Radio Operators and is capable of performing all required functions.,When the vessel is in an over- carriage condition.,When the vessel has arranged for both duplication of equipment and shore-based maintenance.,When the vessel has replaced a required piece of GMDSS related equipment but its performance has not been verified or logged.,,,,4,1,
What statement is TRUE regarding the additional equipment carriage requirement imposed for the survival craft of vessel over 500 gross tons?,Choice,Additional carriage of one radio equipped lifeboats.,Additional carriage of three radio equipped lifeboats.,Additional carriage of four radio equipped lifeboats.,Additional carriage of two radio equipped lifeboats.,,,,4,1,
Which system provides maximum communication range?,Choice,VHF ARQ,DSC calling on 8414.5 kHz,MF SITOR,Inmarsat,,,,4,1,
What does NCS stands for?,Choice,Network Coordinating Station,National Committee Services,Network Computer System,National Coordinating System,,,,1,1,
What is the approximate bandwidth of a single sideband voice signal?,Choice,3 kHz,6 kHz,1 kHz,15 kHz,,,,1,1,
"In Chapter 3 of the International Code of Signals, Section 2: Request for Medical Assistance, which code should your message describing that the patient has had no previous illness?",Choice,MBF,MBE,MBD,MDC,,,,4,1,
What is a GMDSS transceiver?,Choice,The component in a repeater which filters out unwanted interference.,The unit combining the functions of a transmitter and a receiver.,A type of antenna matching network to CES and LES.,A type of antenna switch to communicate with CES and LES.,,,,2,1,
Which of the following ALRS Volume that includes radio details for: I. Global Maritime Communications II. Satellite Communication Services III. Coastguard Communications IV. Maritime TeleMedical Assistance Service (MTAS) V. Radio Quarantine and Pollution reports VI. Anti-Piracy Contact Table,Choice,Volume 1 (NP281),Volume 3 (NP283),Volume 4 (NP284),Volume 5 (NP285),,,,1,1,
What is meant by the term antenna bandwidth?,Choice,Antenna length dived by the number of elements.,The angle between the half- power radiation points.,The frequency range over which and antenna can be expected to perform well.,The angle formed between two imaginary line drawn through the ends of the elements.,,,,3,1,
"Reference to Radio Regulation Article 1 Section III Radio Services, What is meant by a mobile service between coast stations and ship stations, or between ship stations, or between associated on-board communication stations: survival craft stations and emergency position-indicating radiobeacon stations may also participate in this service?",Choice,land mobile-satellite service,maritime mobile service,land mobile service,maritime mobile-satellite service,,,,2,1,
What part of a satellite EPIRB may function as a visual aid to rescue vessels?,Choice,Loud beeping tone emitted by the unit once activated.,406 MHz signal from a satellite EPIRB.,Strobe light,A 121.5 MHz emergency transmitter in a satellite EPIRB.,,,,3,1,
What is the signal transmitted in H3E mode?,Choice,"Two sidebands, upper and lower.",A full carrier and the upper sideband.,A reduced carrier and the lower sideband.,A full carrier and both the upper and lower side bands.,,,,2,1,
If your vessel is in the Sea of Japan and logged-in to the POR satellite. Which Inmarsat Earth station would you select for routine Inmarsat-C traffic?,Choice,"Beijing (PRC), Santo Paula (USA), Auckland (New Zealand), or Sentosa (Singapore)","Yamaguchi (Japan), Southbury BUSA), Pune (India), or Haifa (Israel)","Southbury (USA), Thermopylae (Greece), Psary (Poland), or Tangua (Brazil)","Auckland (New Zealand), E?? (Norway), Sentosa (Singapore), or Beijing (PRC)",,,,1,1,
What action should you take if you send a false distress alert on VHF?,Choice,You should make a voice announcement cancelling the alert on Ch-16.,You should send a DSC cancellation message on Ch-70.,You should make a voice announcement to cancelling the alert On Ch-13.,Make a voice announcement to cancelling the alert on Ch-22A.,,,,1,1,
Which from the following communications functions should a GMDSS-equipped ships will be obliged to perform?,Choice,"SAR and on-scene communications, Bridge-to- Bridge and general radio communications, MSI and relay of satellite alerts from other vessels.","Transmit distress alerts, SAR and on-scene communications, MSI, Bridge-to Bridge and general radio communications.","Distress alerting, MSI, SAR and on-scene communications & receipt of satellite alerts from other vessels.","Bridge-to-Bridge and general radio communications, RDF of EPIRB homing signals, Distress alerting and MSI.",,,,2,1,
What is the fundamental concept of the GMDSS?,Choice,It is intended to automate and improve existing digital selective calling procedures and techniques.,It is intended to provide compulsory vessel with a collision avoidance system when they are operating in waters that are also occupied by non- compulsory vessels.,It is intended to provide more effective but lower cost commercial communications.,It is intended to automate and improve emergency communications in the maritime industry.,,,,4,1,
How many sidebands are present in the J3E mode?,Choice,One upper sideband,Two carriers and one sideband.,One lower sideband.,Two sidebands and a carrier.,,,,1,1,
What is the standard reference designed for use by all crew members in charge with providing medical care onboard?,Choice,The International First Aid Guide for Ships,The International Medical Guide for Ships,CIRM,Radio Medico,,,,2,1,
Which of the following watches should a vessel compulsory maintain at Sea Area A1?,Choice,A continuous DSC watch on 8414.5 kHz plus one other HF DSC frequency.,A continuous DSC watch on 2187.5 kHz.,A continuous DSC watch on Ch.70.,A continuous DSC watch on Ch.16.,,,,3,1,
"What is the International Code 3- letter signal that means ""General condition of the patient is unchanged""?",Choice,MAU,MAT,MAR,MAQ,,,,4,1,
What should you do after receiving VHF DSC Distress Alert Relay from a MRCC?,Choice,Immediately acknowledge by R/ T on Ch 16.,Listen for Mayday Relay message on VHF Ch 16.,Immediately acknowledge by DSC on Ch 70.,Listen for a Mayday Relay on Ch 70.,,,,2,1,
How does a mutual interference among NAVTEX stations avoided?,Choice,Transmitter power is limited to that necessarily for Coverage of assigned area.,Transmissions by stations in each NAVAREA are arranged in a time-sharing basis.,Transmitter power are schedules to night time and daytime operation only.,Transmissions by stations are schedules to daytime and night time operation only.,,,,1,1,
Which of the following is the purpose of the SART's audible tone monitor?,Choice,It informs survivors that a nearby vessel is signaling on DSC.,It informs survivors when the battery's charge Condition has weakened.,It informs Survivors that assistance may be nearby.,"It informs survivors when the SART switches to the \""standby\"" mode.",,,,3,1,
"Identify from the following statement the regions lie outside Sea Area A1, A2 and A3?",Choice,Sea Area only apply to Inmarsat footprint areas.,Sea Area A4,There are no additional Sea Area,Sea area A3-1 Inmarsat coverage and sea Area A3-S HF SITOR (NBDP) coverage.,,,,2,1,
What does ADE Stands for?,Choice,Automatic Deck Equipment,Authority Development Equipment,Above Development Equipment,Above Deck Equipment,,,,4,1,
The DSC controller is programmed to send out a distress alert. Which of the following is its other usage?,Choice,It should not be used for other purposes except for distress alerting.,It can be used to communicate with private coast station.,It can be used to send messages to the owner and charterers.,It can be used to call individual station.,,,,4,1,
How would you explain the typical caused of much longer than normal VHF communications distances?,Choice,By skywave reflection from the layer.,By atmospheric ducting or tropospheric propagation.,By ionospheric activity in layers F1/F2.,By changing power from 1W to 25W.,,,,2,1,
"In NAVTEX message editing, what is the code of the start of a message?",Choice,ZCZC,BRK?,+?,NNNN,,,,1,1,
What is defined as the area within the radio telephone coverage area of at least one VHF Coast Station in which continuous DSC alerting is available as defined by the IMO regulation for GMDSS?,Choice,Sea area A1,Sea Area A2,Sea Area A4,Sea Area A3,,,,1,1,
What is the function of squelch in VHF receiver?,Choice,To increase the volume,To eliminate audio noise when there is no traffic,To minimize statics,To silence the interference,,,,2,1,
How would you demonstrate your action after sending a false Distress alert on VHF?,Choice,Make a voice announcement to cancel the alert on Ch.13.,Make a voice announcement to cancel the alert on Ch.22A,Make a voice announcement to cancel the alert on Ch.16,Send a DSC cancellation message on Ch.70,,,,3,1,
What is the primary reason GMDSS imposes carriage requirements for different radio subsystems within a single sea area?,Choice,Redundancy in duplicating all operational functions in the event of a system failure.,GMDSS vessel must be equipped to communicate in all modes with coast radio stations.,Different subsystems are required to meet the specific equipment carriage requirements of national authorities.,The combined capabilities of redundant subsystems mitigate the risk of a single point of failure.,,,,4,1,
"In the EGC Safety net service, what type of Navtex warning is letter ""F"" represent?",Choice,Pilot service message,Search and rescue services,Meteorological forecast,Meteorological warnings,,,,1,1,
What is the main idea of GMDSS equipment reserve source of energy?,Choice,It is high caloric value items for lifeboat communication power supply in the event of failure of the ship's main and emergency sources of electrical power and it can be used for emergency communication.,To have sufficient supply of electrical energy to operate the radio installations for the purpose of conducting distress and safety communications in the event of failure of the ship's main and emergency sources of electrical power.,The reserve source of energy for liferaft use for distress communication incase the crew boarded the liferaft during abandon ship.,Diesel fuel stored for the purpose of operating the powered survival craft for a period equal to or exceeding the SOLAS requirements.,,,,2,1,
What course of action you should initiate after receiving an All stations DSC Safety call on 2187.5 KHz?,Choice,Acknowledge by RT on 2182 KHz,Listen for the call on 2182 KHz,Listen for the call on 2048 KHz,Acknowledge by DSC on 2187.5 KHz,,,,2,1,
Reference to Radio Regulation Article 1 Section VI Characteristics of emissions and radio equipment. What is meant by a single - sideband emission in which the degree of carrier suppression enables the carrier to be reconstituted and to be used for demodulation?,Choice,suppressed carrier single- sideband emission,full carrier single- sideband emission,reduced carrier single sideband emission,single-sideband emission,,,,3,1,
Which of the following is NOT an advantage of a 406 MHz satellite EPIRB?,Choice,Includes a digitally encoded message containing the ship's identity and nationality.,"Provides a fast, accurate method for the Coast Guard to locating and rescuing person in distress.",It is compatible with the COSPAS-SARSAT satellites and Global Maritime Distress Safety System (GMDSS) regulations.,They can be used by mariners who do not know Morse code.,,,,4,1,
What is the transmission speed of a DSC call on the VHF band?,Choice,1200 BAUDS,1250 BAUDS,1350 BAUDS,1300 BAUDS,,,,1,1,
"What is the most appropriate action for a GMDSS Radio operator to take in a distress situation where immediate help is needed, but the vessel is not sinking nor needs to be abandoned?",Choice,"Transmit distress call by MF/HF, VHF or Inmarsat.",Transmit Distress call by activating the radiotelegraph automatic alarm signal.,Switch off EPIRB and SART manually.,Notify the RCC (Rescue Coordination Center) through VHF FM on Channel 13.,,,,1,1,
What does ITA2 stands for?,Choice,International Telegraph Alphabet 7-bit codes,International Telegraph Alphabet 8-bit codes,International Telegraph Alphabet 16-bit codes,International Telegraph Alphabet 25-bit codes,,,,4,1,
What immediate action to be taken when a fault condition is displayed on the transmitter during MF DSC external test?,Choice,Consult the fault finding guide in the operational manual.,Carry out an Internal DSC test as per operational manual.,Isolate the antenna and retest.,Check the location of MF transmitter fuses in the operational manual.,,,,2,1,
"When an external MF DSC test is carried out, a fault condition is displayed on the transmitter. What should be the immediate action to be taken?",Choice,a. Isolate the antenna and retest. b. Check the location of MF transmitter fuses in the operational manual. c. Carry out an internal DSC test as per the operational manual. d. Consult the fault finding guide in the operation manual.,Check the location of MF transmitter fuses in the operational manual.,Carry out an internal DSC test as per the operational manual.,Consult the fault finding guide in the operation manual.,,,,3,1,
Which of the following type of equipments does not involve satellite detection?,Choice,Class A EPIRB,121.5/406 MHz EPIRB,SART,L-Band EPIRB,,,,3,1,
What is the reporting interval capability of AIS-SART in transmitting messages?,Choice,1 minute or less,5 minutes or less,10 minutes or less,2 minutes or less,,,,1,1,
"When working aloft, what is the safety precaution to keep in mind?",Choice,To ensure the transmitter is in the standby position only.,To ensure the transmission mode is at H3E.,To lock the frequency on 2182 kHz with transmitter on low power and high.,To disable the transmitter by removing the supply fuses.,,,,4,1,
"In the EGC Safety net service, what type of NAVTEX warning is letter ""A"" represent?",Choice,Search and Rescue information,SatNav messages,Meteorological Warning information,Navigational Warning information,,,,4,1,
"In Sea Area 2, what are the frequencies for a coast radio station at least at its disposal?",Choice,"2187.5, 2182.0 and 2174.5 kHz",2187.5 kHZ and 2182.0 kHz,2187.5 kHZ,2174.5 kHz,,,,2,1,
What does the abbreviation MASTREP means?,Choice,Modernized Australian Ship Tracking and Reporting System,Modernized American Ship Tracking and Reporting System,Mid-Argentinian Ship Tracking and Reporting System,Modernized Aruba Ship Tracking and Reporting System,,,,1,1,
"ReferenceSOLAS IV, Regulation 2, this means maritime global services identify, the ship's call sign, Inmarsat identities and serial number identity which may be transmitted by the ship's equipment and used to identify the ship:",Choice,NAVTEX,AIS,EPIRB,GMDSS,,,,4,1,
Which of the following is NOT normally found on EPIRBs that are detected by satellites?,Choice,Radio Operator programs ID on EPIRB for immediate prior activation.,Emergency transmission on 406-MHz beacon,Transmit a unique hexadecimal identification number.,A bracket designed to allow EPIRB to automatically float free.,,,,1,1,
"Which of the following is designated as the International distress, safety and calling frequency for radio telephony for stations of the maritime mobile service when using frequencies in the authorized bands between 156 and 174 MHz?",Choice,158.6 MHz,168.5 MHz,156.8 MHz,165.8 MHz,,,,3,1,
Choose from the following is a valid 22-MHz ITU Channel?,Choice,The VHF Ch-22,The Ch-22A VTS,The HF Ch-2206,The Ch-70 (DSC only),,,,3,1,
How would you best describe from the following the GMDSS Sea Area A4?,Choice,An area within 70 North 70 South,An area within 70 - 90 North and 70 - 90 South.,A continuous global coverage of the COSPAS - SARSAT system.,An MF RT range of at least one shore station having continuous MF DSC.,,,,2,1,
What does EGC stands for?,Choice,Enhanced Group Code,Enhanced Group Call,Emergency Group Code,Emergency Group Call,,,,2,1,
What is the preferred frequency / channel for two-way communication with survival craft during SAR operations?,Choice,2182 kHz,VHF Ch. 16,9 GHz,406 kHz,,,,2,1,
Choose from the following channels and modes should be used when initiating a Distress alert transmission?,Choice,Ch-6 DSC,Ch-13 Radiotelephony and Ch-16 DSC,Ch-70 DSC,Ch-6 Radiotelephony,,,,3,1,
What is the code used for the retrieval of meteorological forecast?,Choice,42,43,51,52,,,,3,1,
"After transmitting a VHF DSC Distress Alert in Sea Area A1, which from the following channel you should expect a subsequent acknowledgement by R/T?",Choice,Ch. 70,Ch. 16,Ch. 13,Ch. 06,,,,2,1,
Which is the best answer on the following requirements regarding radio telephone stations does not conform to the present regulations?,Choice,"The radiotelephone station shall be located in the upper part of the ship, sheltered to the greatest extent from noise impairing reception of messages/signals.",While at sea the installation shall be maintained in a satisfactory condition.,The instruction card should give a clear summary of the distress procedure and shall be displayed at the operators position.,There shall be an efficient communication between the radio station and the bridge.,,,,2,1,
Choose from the following service or maintenance functions may NOT be performed by the holder of a GMDSS Radio Operator License?,Choice,Any adjustments or maintenance that may affect the proper operation of the station.,Routine battery maintenance if used as part of the GMDSS station.,Reset tripped circuit breakers or replace defective fuses.,"Replacement of consumable items such as paper, ribbons, etc.",,,,1,1,
"In facilitating visual signaling, what are the most commonly used important two-letter signals which specify ""I require immediate assistance""?",Choice,CB,AL,AN,BC,,,,2,1,
What does VHF stands for?,Choice,Very Heavy Frequency,Very Hard Frequency,Very High Frequency,Vast heavy Frequency,,,,3,1,
"In Chapter 3, Section 1 of the International Code of Signals, what is the meaning of the code MFE N?",Choice,Bleeding is not severe,Bleeding has been stopped by tourniquet,Bleeding can be stopped,Bleeding is slight,,,,1,1,
Which of the following equipment should be tested at least once a week?,Choice,Each printer for adequate paper.,"SART, EPIRB and handheld VHF sets.",Reserve source of energy if it is not a battery.,Operation of 2182 kHz receiver.,,,,3,1,
"In the preamble of the NAVTEX message, what is the technical code of the identity of the transmitting station?",Choice,B1,B2,B3,B4,,,,1,1,
What does GPS stands for?,Choice,General Positioning System,Global Positioning Services,General Positioning Services,Global Positioning System,,,,4,1,
Choose from the following service of maintenance functions that a holder of a GMDSS Radio Operator license is prohibited to depart from any port?,Choice,From any routine battery maintenance if used as part of the GMDSS station.,"From any replacement of consumable items such as paper, ribbon, etc.",From any adjustments or maintenance that may affect the proper operation of the station.,From any reset tripped circuit breakers or replace defective fuses.,,,,3,1,
What should you include in the call when making RT test signals for transmitter adjustment?,Choice,An indication of the mode of emission being used.,An indication of the frequency to be used.,The identification of the station making the test.,The position of the station making the test.,,,,3,1,
What element of a DSC call indicates the frequency desired for the subsequent communication?,Choice,Message 1 of distress calls,Message 2 of routine calls,Message 3 of distress calls,Message 4 of distress calls,,,,2,1,
What does IOR stands for?.,Choice,International Ocean Region,International Organization Rules,Indian Ocean Region,Indian Organization Rules,,,,3,1,
Which GMDSS equipment is used in or near the survival craft?,Choice,Walkie-Talkie,EPIRB,ELT,ELP,,,,2,1,
How would you compare the frequency range for High Frequency?,Choice,From 3-30 MHz,From 10-30 MHz,"From 300-3,000 kHz",From 30-300 kHz,,,,1,1,
Which of the following circuits demodulates FM signals?,Choice,Discriminator,Limiter,Product detector,Phase inverter,,,,1,1,
"As stated by the convention, what is the requirement for ships which do not carry a medical doctor on board?",Choice,A medical secretary whose responsibility is to guide the Master in handling medical care.,At least one seafarer who is in charge of medical care and administering medicine as part of their regular duties or at least one seafarer competent to provide first aid.,A qualified therapist who is responsible for therapy of possible patient.,At least one nurse who is in charge of medical care and administering medicine as part of their regular duties or at least one seafarer competent to provide first aid.,,,,2,1,
Which of the following statements concerning satellite EPIRBs is TRUE?,Choice,Once activated these EPIRBS transmit a signal for use in identifying the vessel and for determining the position of the beacon.,"If the GMDSS Radio Operator does not program the EPIRB, it will transmit default information such as the follow-on communications frequency and mode.",The coded signal identifies the nature of the Distress situation.,The coded signal only identifies the vessel's name and port of registry.,,,,1,1,
How would you demonstrate an on-load test of the radio batteries while operating the transmitter on full power and with the battery charger?,Choice,Off while observing the discharge current.,Off while observing the battery voltmeter.,On while observing the battery voltmeter.,On while observing the discharge current.,,,,2,1,
"In programming the NAVTEX receiver, what are the the types of message which are always received and cannot be rejected?",Choice,"A, C, D","A, B, C","A, B, E","A, B, D",,,,4,1,
What is the time allowed for the AIS-SART to transmit messages after the activation?,Choice,Within 10 seconds,Within 30 seconds,Within 1 minute,Within 2 minutes,,,,3,1,
Which action should the GMDSS radio operator take in a distress situation when embarking in survival craft?,Choice,Switch on EPIRB and SART manually prior to launching and remain aboard vessel in distress.,Notify RCC (rescue Coordination Center) through VHF DSC with portable equipment.,Switch on EPIRB and SART immediately and leave on.,Communicate via Inmarsat-C from the survival craft.,,,,3,1,
"Under specified conditions of immersion, what is the temperature for an AIS-SART to maintain water tightness when subjected to thermal shock?",Choice,45C,60C,75C,100C,,,,1,1,
How many frequencies area available under GMDSS for DSC distress-related calls?,Choice,Two,Four,Seven,Five,,,,3,1,
Which of the following systems is least susceptible to atmospheric disturbances?,Choice,Inmarsat,MF SITOR (NBDP),NAVTEX,HF SITOR (NBDP),,,,1,1,
Who has ultimate control of service at a ship's radio station?,Choice,A holder of a First Class Radiotelegraph Certificate with a six months service endorsement.,The master of the ship.,An appointed licensed radio operator who agrees to comply with all Radio Regulations in force.,The Radio Officer-in-Charge authorized by the captain of the vessel.,,,,2,1,
How are NAVTEX broadcasts transmitted?,Choice,In categories of messages indicated by a single letter or identifier.,Immediately following traffic lists.,"Regularly, before and after the radio telephone silent periods.",On request of maritime mobile stations.,,,,1,1,
What is the acronym for AUSREP?,Choice,Australian Radio Reporting System,Australian vessel reporting system,Australian Ship Reporting System,Australian vessel rescue reporting system,,,,3,1,
What is the GMDSS equipment which provides a locating signal to SAR vessel?,Choice,EPIRB,SART,PLB,INMARSAT - E / L-BAND EPIRB,,,,2,1,
Approximately how does a nearby SART indicated by a series of dots on the radar display?,Choice,5 nautical miles,2 nautical miles,4 nautical miles,3 nautical miles,,,,2,1,
What is the vessel reporting system that is operated by AMSA as part of the services offered by the Joint Rescue Coordination Center (JRCC Australia) to track locations of vessels?,Choice,MANCHEREP,MEDREP,MASTREP,MAREP,,,,3,1,
"What is an ""Adopted Ship Reporting System""?",Choice,Established by a government/s after it has been accepted by the Organization as complying with all requirements of SOLAS regulation V/II.,Implemented by a competent authority designed to improve the safety and efficiency of vessel traffic and protect the environment.,"Designated by a Contracting Governments with the responsibility for the management and coordination of a system, the interaction with participating ships, and the safe and effective operation of a system.","Interchange of data between ships participating in a system and a shore-based authority, aimed at enhancing maritime safety or protection of marine environment.",,,,1,1,
What sea area is defined as being within range of a shore-based MF station that provides for continuous DSC alerting?,Choice,Sea Area A1,Sea Area A2,Sea Area A3,Sea Area A4,,,,2,1,
How would you describe the first symbol in the designation of radio emission under the ITU rules?,Choice,It is a bandwidth.,It is a nature of signals modulating the main carrier.,It is a type of information to be transmitted.,It is a type of modulation of the main carrier.,,,,4,1,
What is the requirements for the carriage of radio equipment in Sea Area 1?,Choice,A vessel will carry VHF equipment and either a satellite EPIRB or a VHF EPIRB.,"A vessel will carry a VHF, EPIRB, and MSI receiver.","A vessel will carry a VHF, EPIRB and MF equipment or a satellite EPIRB.","A vessel will carry a VHF EPIRB, MF & HF equipment and a satellite EPIRB.",,,,1,1,
"When using Inmarsat-C, select from the following modes of communications are available?",Choice,Voice transmission,Fax and voice,FAX reception,TELEX and e-mails,,,,4,1,
What is the code used to gain access to a store-and-forward unit (Sfu) for national calls?,Choice,22,21,31,24,,,,1,1,
What is the main purpose of VTS?,Choice,Increase safety for persons participating in the area.,Increase safety for all ships in the area.,Reduce port operation costs.,Provide information.,,,,2,1,
"Trading at Sea area A1, how would you best describe as being an area within?",Choice,It is within MF RT range of an MF shore station.,It is within approximately 100 to 150 miles from the coast.,It is within VHF RT range of at least one shore station providing continuous VHF DSC alerting.,It is within MF RT range of at least one shore station providing continuous MF DSC alerting.,,,,3,1,
"When measured directly above given point, solar radiation in the ionosphere is the greatest or maximum during what time?",Choice,At noon,At sunset,At night,At sunlight,,,,1,1,
"An operating method in which only one station can transmit at a time and indicates the end of a transmission by use of the word ""over"" is called?",Choice,Full duplex Operation,Semi-duplex operation,Duplex operation,Simplex operation,,,,4,1,
In GMDSS what does MID stand for?,Choice,Mobile Interference Digits,Maritime Identifications Digits,Marine Indemnity Directory,Mobile Identification Number,,,,2,1,
"For MF-HF voice frequencies, what is the channel spacing?",Choice,On a 2.8 kHz,On a 3.0 kHz,On a 3.5 kHz,on a 500 Hz,,,,2,1,
"When the GMDSS Radio Operator on watch hears ""SECURITE"" spoken three times, What type of message can he expect to be received?",Choice,The mobil station is in need of immediate assistance.,The Coast Station will send a traffic list.,Message concerning the Safety of navigation or meteorological warnings.,Message concerning safety of vessel or person is in jeopardy.,,,,3,1,
What can you say about from the following statements is TRUE?,Choice,That there is an RF carrier is always required to carry the information.,That there are a carrier and two sidebands in H3E mode.,That there are two tones used in J2B mode.,That there is only a single tone used in J2B mode.,,,,3,1,
"When the GMDSS Radio Operator on watch hears ""Securite"" spoken three times, what information he can expect to be received?",Choice,Message concerning circumstances that threatened the lives and property at sea.,Message concerning maritime assistance.,Message concerning the safety of navigation or important meteorological warnings.,Message concerning urgency involving vessels at sea.,,,,3,1,
"What would not, in itself, be considered as a failure to comply with the rules of a mandatory ship reporting system?",Choice,Ship is undertaking salvage operation.,Failure of ship's navigation equipment.,Ship is carrying any hazardous cargoes onboard.,Failure of ship's communications equipment.,,,,4,1,
"What is the term for listing of the date and time events, programs, equipment, test, malfunctions and correction in communication system?",Choice,Log,Documentation,Reporting,File,,,,1,1,
How would you describe the electrolyte of a lead acid battery?,Choice,It is a concentrated sulphuric acid.,It is a concentrated hydrochloric acid.,It is a dilute hydrochloric acid.,It is a delute sulphuric acid.,,,,4,1,
Identify from the following vessel operating in which sea area(s) are required to carry either Inmarsat or HF equipment or a combination thereof under GMDSS?,Choice,All sea area,A3,A1,A4,,,,2,1,
What action you should perform after receiving a VHF DSC Urgency call?,Choice,Acknowledge by R/T on Ch. 16,Listen for the message on Ch.16,Listen for the message on Ch.13,Acknowledge by DSC on Ch. 70,,,,2,1,
Acknowledgement of a DSC distress alert by use of DSC is normally made by?,Choice,Coast station only,Inland and Coastal waters,Coastal and inland waters,Navigation lanes,,,,1,1,
Select from the following statements concerning MMSI is FALSE?,Choice,A group call must begin with a single zero followed by the MID.,All Coast Station MMSI must begin with 2 zeros.,The first 3 digits of a ship MMSI comprise the MID.,All Coast Station MMSI must begin with the MID then 2 zeros.,,,,4,1,
How do you cancel a false EPIRB distress alert?,Choice,"Make a radiotelephony ""distress cancellation"" transmission on 2182 kHz.",Notify the Coast Guard or Rescue Coordination Centre at once.,Transmit a DSC distress alert cancellation.,"Transmit a broadcast message to ""all stations"" cancelling the distress message.",,,,2,1,
What is the specific gravity reading to considered fully discharge a lead acid battery?,Choice,1150 or lower,1150 or higher,between 1250 and 1150,between 1250 and 1280,,,,1,1,
What element of a DSC call indicates the type of communication desired during the subsequent correspondence?,Choice,Message 1 of distress calls,Message 2 of distress calls,Message 3 of distress calls,Message 4 of distress calls,,,,4,1,
At what distance is VHF propagation normally limited?,Choice,Around 850 miles,Around 800 miles,Around 500 miles,Around 700 miles,,,,3,1,
Which of the following stand for TDM?,Choice,Transmitter Division Multiplex,Transport Division Multiplex,Time Division Multiplex,Time Direct Multiplex,,,,3,1,
"In case of serious medical emergency, to whom should the Master may request Medical advice or Medical evacuation?",Choice,By contacting the nearest CES by Inmarsat phone using Code 32.,By sending text messages to CES using Code 41.,By calling the Designated Person Ashore.,Contacting the CES operator using the radiotelephone procedure PAN PAN.,,,,1,1,
What is the code used to obtain information from the International Operator about the country where the service provider is located?,Choice,00,11,10,1,,,,2,1,
Select from the following statement regarding the additional equipment carriage requirement imposed for the survival craft of vessels over 500 gross tons is TRUE?,Choice,Four additional portable VHF radios are required.,A second radar transponder is required.,Additional carriage of two radio equipped lifeboats aft.,The ability to communicate in all modes with any shore station.,,,,2,1,
What is the wavelength of a radar signal that responds only to an activated SART?,Choice,1 cm,4 cm,3 cm,2 cm,,,,3,1,
What can you say about the full implementation date of GMDSS?,Choice,"The full implementation was February 1,1999.","The full implementation was February 1,2000.","The full implementation was February 2,1999.","The full implementation was February 1,1998.",,,,1,1,
Choose from the following service or maintenance functions that a holder of a GMDSS Radio Operator license is prohibited to performed?,Choice,"From any replacement of consumable items such as paper, ribbon, etc.",From any routine battery maintenance if used as part of the GMDSS station.,From any adjusments or maintenance that may affect the proper operation of the station.,From any reset tripped circuit breakers or replace defective fuses.,,,,3,1,
GMDSS equipment is required to be powered from the following sources EXCEPT:,Choice,Ship's emergency alternators/ generators.,A dedicated radio battery supply.,Ship's normal alternators/ generators.,An emergency solar powered battery supply.,,,,4,1,
"If the Inmarsat-C terminal is inoperative but the vessel remains within NAVTEX coverage, which of the following message categories should not be disabled by the GMDSS Radio Operator?",Choice,"Search and Rescue information, navigational warnings and other electronic navaid messages.","Meteorological warnings, Search and Rescue information and Navigational warnings.","Navigational warnings, meteorological warnings and meteorological forecast.","Search and Rescue information, Meteorological warnings and ice reports.",,,,2,1,
"In flag signaling, what does a hoist or signal is said to be at the ""CLOSEUP, when it is hoisted?",Choice,About half of the full extent of the halyards.,To the full extent of the halyards.,Both a and b.,Halfway to the mast.,,,,2,1,
"Choose from the following ITU List of Service Publication were a detailed information is provided in relation to the facilities available at each maritime coast radio station, which may provide watch- keeping using digital selective calling (DSC) techniques and radio telephony?",Choice,ITU LIST IV,ITU LIST V,ITU LIST VIIA,ITU LIST VI,,,,1,1,
Select from the following the quantity of GMDSS radio maintainers must be carried aboard a compulsory vessel if the At-Sea maintenance method is used?,Choice,One (1) regardless of sea areas of operations.,One(1) in Sea Area A1,Two (2) in Sea area A3 and A4,Two (2) in Sea area A1 and A4,,,,1,1,
You are in Sea Area A2 and require medical advice from Huber Coastguard. What you should initially transmit by MF DSC on 2187.5 KHz?,Choice,A Distress Alert addressed to Humber Coastguard's MMSI.,An Urgency call addressed to Humber Coastguard's MMSI.,A Routine Alert to all stations,A Safety Alert to all stations.,,,,2,1,
Which of the following maintenance functions is not the responsibility of the GMDSS Radio Operator?,Choice,Perform scheduled testing of the battery\'s charged condition.,Perform on-the-air verification checks.,Aligning the power output.,Visual inspection of equipment including the antenna and associated components.,,,,3,1,
"If not acknowledge automatically the repetition of a DSC Distress call, how would you expect the extend of the delay?",Choice,1-2 minutes,3.5-4.5 minutes,10-15 minutes,2-5 minutes,,,,2,1,
What do you call the area in which a missing craft and/or survivor are most likely to be found taking into account possible errors in the navigation of the missing craft and of the search craft?,Choice,Search and rescue case,Probability area,Possibility area,Search and rescue region,,,,2,1,
With what system is a NAVTEX message transmitted?,Choice,ARQ.,FEC.,SELFEC.,PLB.,,,,1,1,
"Which of the following is "" NOT ""a vessel equipment and personnel requirements of GMDSS?",Choice,Licensed radio operators.,Equipment carriage requirements.,Ship Station using Morse Telegraphy.,Distress alerting and response.,,,,3,1,
Which of the following system is least susceptible to fading or static interference?,Choice,VHF ARQ,Inmarsat,HF SITOR(NDBP),MF-HF DSC controller,,,,2,1,
Choose from the following terms is defined as a back-up power source that provides power to radio installations for the purpose of conducting Distress and Safety communications?,Choice,Emergency Back-up Generator (EBG),Reserve Source of Energy (RSE),Emergency Diesel Generator(EDG),Reserve source of Diesel Power (RSDP),,,,2,1,
How would you describe GMDSS is primarily a system appertaining to?,Choice,The linking of search and rescue authorities ashore with shipping in the immediate vicinity of a ship in Distress or in need of assistance.,"Distress, Urgency and Safety communications carried out by the use of narrow-band direct printing telegraphy.",VHF digital selective calling from ship to shore.,Ship-to-ship Distress communications using MF or HF radiotelephony.,,,,1,1,
What does ITU stands for?,Choice,International Telegraph Union,International Telecommunications Union,International Telegraph User,International Telephony Union,,,,2,1,
"You send a VHF-DSC distress alert, what channel do you use for the follow- on voice transmission?",Choice,70,16,13,12,,,,2,1,
What does CES stands for?,Choice,Coast Earth Station,Current Earth Station,Code East Station,Coast Earth Satellite,,,,1,1,
What is the approximate distance of E layer of the ionosphere from earth?,Choice,95-130 kms,160-400 kms,50-95 kms,None of the above,,,,1,1,
What does ASCII stands for?,Choice,American Standard Code for Interchange Information,American Standard Code for International Interchange,Atlantic Standard Code for Information Interchange,American Standard Code for Information Interchange,,,,4,1,
"Which of the following situations would normally use the voice communication designation ""Securite""?",Choice,Messages concerning the Safety of Life At Sea (SOLAS).,Messages concerning On-scene communications.,Messages detailing important navigational warnings.,Messages containing information concerning the safety of a mobile unit or person.,,,,3,1,
What does MRSC stands for?,Choice,Maritime Rescue Service Centre,Maritime Region Sub Centre,Maritime Rescue Safety Centre,Maritime Rescue Sub Centre,,,,4,1,
"How would you transmit the prowords which mean ""I HAVE RECEIVED AND UNDERSTOOD YOUR MESSAGE AND HAVE NOTHING MORE TO TRANSMIT"" and reply is not expected?",Choice,Over and Out,"Roger, Out",Roger,Over,,,,2,1,
What can be defined as radio transmissions intended to facilitate the finding of the mobile unit in distress of the location of survivors?,Choice,locating signals,alerting signals,Burst from the EPIRB,radiowave propagation,,,,1,1,
"You are underway in mid-ocean when you hear a distress message. The position of the sender is 150 miles away. No other vessel has acknowledged the distress. Your maximum speed is 5 knots and due to the seriousness of the distress, you cannot arrive on scene to provide effective assistance. What action should you take?",Choice,Transmit a message as though your vessel was in distress.,Send an urgency message about the distress.,Use the signal MAYDAY RELAY and transmit the distress message.,Do not acknowledge the distress message.,,,,3,1,
What does AC stands for...?,Choice,Automatic Code,Alternating Current,Atlantic Code,Amplitude Current,,,,2,1,
"Select from the following ALRS Volume that includes radio detail for: A. Detailed Pilot information, contact details and procedures B. Vessel Traffic Service information, contact details and procedures C. National and International Ship Reporting Systems D. Port information, contact details and procedures.",Choice,Volume 4 (NP284),Volume 5 (NP285),Volume 2 (NP282),Volume 6 (NP286),,,,4,1,
"After transmitting a VHF DSC Distress Alert in Sea Area A1, which of the following R/T channel you should expect a subsequent acknowledgement?",Choice,On Ch. 70,On Ch. 06,On Ch. 13,On Ch. 16,,,,4,1,
How would you describe a vertical quarter wave antenna with a good ground connection?,Choice,It will radiate directionally due to being grounded.,It will radiate omni-directionally.,It will not function due to being grounded.,It will only be used in Satellite communications.,,,,2,1,
"If a ship sinks, what device is designed to float free of the mother ship, is turned on automatically and transmits a distress signal?",Choice,EPIRB on 121.5 MHz/243 MHz or 406.025 MHz,Bridge-to-bridge transmitter on 2182 kHz,Auto alarm keyer on any frequency,EPIRB on 2182 kHz and 405.025 kHz,,,,1,1,
What is valid MMSI number for a DSC Call to a specific group of vessels?,Choice,030327931,338462941,3036483,003664512,,,,1,1,
What is the main purpose of RT transmissions on VHF Ch. 13?,Choice,For ship-to-ship Safety of Navigation communications.,For ship-to-ship Routine communications,For cancelling a false DSC Distress Alert sent on Ch.70,For SAR aircraft communications to home onto an EPIRB.,,,,1,1,
"To keep it in a working condition and make the best use of VHF Ch 70 equipment, how often should be tested?",Choice,"Weekly, by means of a test call with a coast station.",Daily by means of a test call with a coast station.,"Daily, by means of an internal test.",Weekly by means of an internal test.,,,,3,1,
How would you describe the main purpose of RT transmission on VHF Ch.13?,Choice,It is for SAR aircraft communications to home onto an EPIRB.,It is for ship-to-ship safety of Navigation communications.,It is for ship-to-ship routine communications.,It is for cancelling a false DSC Distress Alert sent on Ch. 70.,,,,2,1,
How would you explain the Maritime Identification Digits (MID) issued by International Telecommunication Union (ITU)?,Choice,It identify a Port of registry,It identify their home country (Nationality),It identify a call sign,It identify Ship station,,,,2,1,
Which type of voice modulation is most often used for long-distance or weak signal contacts on the VHF and UHF bands?,Choice,SSB,CW,FM,AM,,,,1,1,
"Regarding the maintenance of GMDSS equipment at sea, select from the following statement is INCORRECT?",Choice,Ships must carry at least one person who qualifies as a GMDSS maintainer for the maintenance and repair of equipment if the at-sea maintenance option is selected.,All at-sea maintenance and repairs must be performed by or under the supervision of a person holding a GMDSS Maintainer license.,The GMDSS maintainer may not be the person designated to have primary responsibility for radio communications during Distress incidents even if licensed as an operator.,The GMDSS maintainer may be the person responsible for ensuring that the watches are properly maintained and that the proper guard channels and the vessel\'s position are entered into the DSC equipment.,,,,3,1,
Identify which of the following MMSI numbers indicates a Philippine flag ship station?,Choice,548623300,430326890,257326819,33609991,,,,1,1,
When would you checked the battery voltage of the GMDSS radio installation?,Choice,every month,every week,everyday,every two weeks,,,,3,1,
What does MCC stands for?,Choice,Medium Control Center,Mission Control Center,Mobile Control Center,Mission Conduct Center,,,,2,1,
What information should be contained in a designated Distress Alert?,Choice,"ID, position and name of vessel in distress","ID, position and vessel\'s call sign.","ID, position and the nature of distress.","ID, position and number of crew onboard.",,,,3,1,
This code should be used if the condition of an ill or injured person aboard the vessel requires urgent evacuation a shore or the services of a doctor aboard the vessel. What is this code that will ensures the call is routed to the appropriate agency or authority ashore to deal with the situation?,Choice,33,36,37,38,,,,4,1,
What are the highest priority communications from ships at sea?,Choice,Authorized government communications for which priority right has been claimed.,"Distress calls, and communications preceded by the international urgency and safety signals.",Navigation and meteorological warnings.,All critical message traffic authorized by the ship\'s master.,,,,2,1,
Radio laws and regulations of the Philippines are enforced by the?,Choice,National Telecommunication Commission,Commission on Higher Education and Culture,Department of Education,Department of Labor and Employment,,,,1,1,
Title,C1 GMDSS - Part 2 of 10,,,,,,,,,,
Description,"Transmit and receive information using GMDSS subsystems and equipment and fulfilling the functional requirements of GMDSS. Combined/deduplicated reviewer, Part 2 of 10 (191 questions).",,,,,,,,,,
Duration,191,,,,,,,,,,
Question,Type,Option1,Option2,Option3,Option4,Option5,Option6,Explanation,Answer,Point,Section
Reference to Radio Regulation Article 1 section III Radio Services. What is meant by a radiocommunication service providing links between artificial satellites?,Choice,fixed-satellite service,inter-satellite service,mobile-satellite service,space operation service,,,,2,1,
"Which of the following ALRS Volume that is split across two publications and includes radio details for: A. Maritime Weather services B. Safety Information broadcasts C. Worldwide NAVTEX and SafetyNET information D. Submarine and Gunnery Warning details (Subfacts and Gunfacts) E. Radio-Facsimile Stations, frequencies and weather map areas.",Choice,Volume 1 (NP281),Volume 2 (NP282),Volume 3 (NP283),Volume 4 (NP284),,,,3,1,
What is the term refers to the supply of electrical energy required to supply radio installations on every ship for the purpose of conducting distress and safety radio communications in the event of failure of the ship's main and emergency sources of electrical power?,Choice,Reserve Source of power,Ship\'s emergency diesel generator,Emergency power,Ship\'s standby generator,,,,1,1,
"In radiowave propagation, the distance traveled by a radio wave from one wave top to another is called?",Choice,Frequency,Wavelength,Wave band,Period,,,,2,1,
How far away may the SART indicated by a series of dots on the radar screen display?,Choice,5 nautical miles,4 nautical miles,3 nautical miles,2 nautical miles,,,,1,1,
How would you demonstrate your action after sending a false Distress alert on MF?,Choice,Make a voice announcement to cancel the alert on 2174.5 kHz.,Make a voice announcement to cancel the alert on 2187.5 kHz.,Make a voice announcement to cancel the alert on 2182.0 kHz.,Send another DSC alert and follow on with voice on 2182.0 kHz.,,,,3,1,
Where was the functional requirements for GMDSS compatible vessels (vessel to which the SOLAS does not apply) are contained?,Choice,In Schedule 3 of Marine Order 29 (Safety of Navigation and Radio equipment) 2016,In Schedule 3 of Marine Order 28 (Safety of Navigation and Radio equipment) 2016,In Schedule 3 of Marine Order 27 (Safety of Navigation and Radio equipment) 2016,In Schedule 3 of Marine Order 26 (Safety of Navigation and Radio equipment) 2016,,,,3,1,
What does the message 1 in the DSC distress call contains?,Choice,Single character to indicate the type of communication which is preferred by the station in distress for subsequent exchange of distress traffic.,Time indication (UTC) when the Coordinates were valid.,Distress coordinate message.,Nature of Distress.,,,,4,1,
"When operating in coastal Waters (sea area A1), what must a GMDSS equipped vessel maintain?",Choice,Maintain a continuous DSC Watch on VHF Channel 16,Maintain a continuous DSC watch on VHF Channel 70,Maintain a continuous aural watch on 2182 kHz,Maintain a continuous DSC watch on 8514.5 kHz,,,,2,1,
For clarity and convenience of Admiralty List of Radio Signals(ALRS) with contents ranging from Maritime Radio Station listings to Maritime Safety Information Services worldwide. How many volumes it is split across?,Choice,Eight (8),Seven (7),Six (6),Five (5),,,,3,1,
"What is meant a maritime global services that identify the ship's call sign, Inmarsat identities and serial number which may be transmitted by the ship's equipment according to SOLAS IV Regulation 2?",Choice,Global Maritime Distress and Safety System (GMDSS),AIS,NAVTEX,EPIRB,,,,1,1,
Reference to Radio Regulation Article 1 Section IV Radio stations and system. What is meant by a station located either on the Earth's surface or within the major portion of the Earth's atmosphere and intended for communication?,Choice,earth station,land earth station,terrestrial station,space station,,,,1,1,
Which from the following instrument is used to measure the specific gravity of a lead acid battery?,Choice,a galvanometer,a voltmeter,a hydrometer,an ammeter,,,,3,1,
What is the standard phrase to indicate that you have completed your transmission and you are ready to receive?,Choice,Over and out,"Roger, Out",Over,Roger,,,,3,1,
Which of the following statement support that a dipole antenna should be mounted as high as possible?,Choice,To improve reception of Navtex broadcasts,To improve satellite synchronization,To increase the range of VHF transmissions,To reduce damage from funnel emissions,,,,3,1,
What would be the most appropriate HF bands for communicating from San Francisco to Taiwan or the Philippines?,Choice,4 or 6 MHz during daylight hours and 8 MHz during darkness,12 MHz during daylight at each end and 2 MHz when dark at each end,4 or 6 MHz during daylight hours and 8 MHz during darkness,16 or 22 MHz when daylight at each end and 8 MHz when dark at each end,,,,4,1,
Which term describes the source of energy required to supply the GMDSS console with power if the ship's source of main or emergency energy fails?,Choice,Emergency power,Ship\'s standby generator,Ship\'s emergency diesel generator,Reserve Source of Energy,,,,4,1,
What is the specific gravity reading to consider a fully charge lead acid battery in good condition?,Choice,1150,1080,between 1250 and 1280,between 1100 and 1210,,,,3,1,
"In most GMDSS equipment, which of the following is commonly used as visual indicator?",Choice,LED,Zener Diode,FET,Dimmer,,,,1,1,
"Which equipment is required for all vessels over 300 gross tons and all passenger ships after august 1, 1993?",Choice,amVHF Transceivers,VHF Tron air,NAVTEX and Satellite EPIRB,SART,,,,3,1,
Which of the following channels and modes should be used when initiating a distress alert transmission?,Choice,Channel 13 Radiotelephony and channel 16 DSC,Channel 6 DSC,Channel 6 Radiotelephony,Channel 70 DSC,,,,4,1,
What does FAX stands for?,Choice,Forward Automatic Machine,Abbreviation for Facsimile,Forward Error Correction,Frequency Shift Keying,,,,2,1,
Identify from the following frequency range for Super High Frequency?,Choice,3-30 GHz,30-300 GHz,30-300 MHz,"300-3,000 MHz",,,,1,1,
Which EPIRB transmits a distress alert that is received and relayed by an INMARSAT satellite?,Choice,L-Band EPIRBs.,Category I EPIRBs.,Class B EPIRBs.,Class A EPIRBs.,,,,1,1,
How does a NAVTEX receiver programmed to reject certain messages?,Choice,By entering the selcall of the transmitting station.,The transmitting station's two digit identification can be entered to do select of its broadcast,By choosing a message category's single letter (A-Z) identifier and the deselecting.,"By pressing ""00"" in the transmitter I.D. Block",,,,3,1,
What is the mark or position at which a vessel is required to report to the local VTS station to establish its position?,Choice,Cardinal point,Reporting point,Separation zone/line,Reference line,,,,2,1,
With reference to Radio Regulation Chapter 1 Article 1 Section IV 1.78. Which of the following is a station in the radio navigation service not intended to be used while in motion?,Choice,Ship earth station,Ship station,Coast earth station,Coast station,,,,1,1,
The SART is required to have sufficient battery capacity to operate in the stand-by mode for what period of time?,Choice,Eight hours,Forty-eight hours,Four days,Three days,,,,3,1,
What does FSK stands for?,Choice,Fast Service Keying,Frequency Shift Keying,Forward Service Keying,Frequency Service Key,,,,2,1,
What advantage does a vertical whip have over a long wire?,Choice,It radiates a strong signal vertically.,It radiates more signal fore and aft.,It radiates equally well in all directions.,It radiates directionally for better propagation.,,,,3,1,
What is the communication necessary for the coordination of ships and aircraft participating in a search and rescue resulting from a distress incident?,Choice,On-Scene Communication,Rescue Coordinating Center,Coordinator Surface Search,SAR coordinating communications,,,,4,1,
How would you describe the transmission of a Distress alert by a station on behalf of another vessel actually in Distress should not occur?,Choice,When communications between the Distress vessel and a Coast stations are already in progress.,When the responsible person at the Coast Station determines further help is necessary.,When the mobile unit actually in distress is not itself in a position to transmit the distress alert.,When the Master or responsible person on the mobile unit not in Distress so decides.,,,,1,1,
What is the proper term used to describe a coast radio station that primary handles chargeable ship-to- shore message traffic of a routine nature?,Choice,Accounting Authority.,Network Coordination Station.,Mobile Radio Service.,Public Correspondence Station.,,,,4,1,
Which of the following is NOT a provision for maintenance should a ship operating in area A-1 must have ?,Choice,Onboard Radio technician,At Sea Maintenance,Duplication of equipment,Shore maintenance,,,,1,1,
"If medical evacuations are being considered, what should be weighed for the benefits to both the person needing assistance and to the rescued personnel?",Choice,The claim for cargo damages that may be held against the shipowner.,To maintain a high state of readiness against the possibility of damage and subsequent flooding.,Against the inherent dangers of such operations.,"Against partial loss of the subject injured, caused by a peril insured.",,,,3,1,
"In Chapter 3 of the International Code of Signals, Section 2: Request for Medical Assistance, which code should your message means ""I need a Doctor, I have radiation casualties""?",Choice,AN 1,AN 2,BT 2,BR 3,,,,2,1,
What would be the suitable antenna for a ship's VHF radio?,Choice,Yagi Antenna,Back stay,Long wire,Whip antenna,,,,4,1,
Choose from the following statement regarding the additional equipment carriage requirement imposed for the survival craft of vessels over 500 gross tons?,Choice,Four additional portable VHF radios are required.,The ability to communicate in all modes with any shore station,A second radar transponder is required,Additional carriage of two radio equipped lifeboats aft,,,,3,1,
How does a SART signal appears on the RADAR screen looks like?,Choice,It will appear on a radar unit PPI as a line of dots radiating outward with the innermost dot indicating the SART position.,It will appear on a radar unit\'s PPI as a line of dots radiating outward with the outermost dot indicating the SART's position.,"It transmits ""SOS"" and the vessel's name and position in slow speed Morse Code.",None of the above.,,,,1,1,
What does LUT Stands for?,Choice,Land User Terminal,Local User Terminal,Local User Transport,Land User Transport,,,,2,1,
Where are the operational details of the stations transmitting maritime safety information to be found?,Choice,ITU list of call sign and special numerical identities.,ITU list of radio determination and special service stations.,ITU list of ship station,ITU list of coast station,,,,2,1,
Which from the following statement relate the obligation of a vessel under GMDSS?,Choice,Every ship is able to perform those communication functions that are essential for the safety of the ship itself and of other ships.,"Vessels operating under GMDSS, outside of areas effectively serviced by shoreside authorities, operating in sea areas A2, and A4 may be required to render assistance in Distress situations.","Only that vessel, regardless of size, closet, to a vessel in distress, is required to render assistance.",Vessels over 300 gross tons may be required to render assistance if such assistance does not adversely affect their port schedule.,,,,1,1,
Which of the following is impossible to transmit via Inmarsat-C?,Choice,x400 data services,Voice,Text for delivery by fax,TELEX,,,,2,1,
What is the worldwide system operated exclusively to support Search and Rescue (SAR) and make information available to all Rescue Coordination Centers (RCCs)?,Choice,AMVER,INSPIRES,IAMSAR,SARSAT,,,,1,1,
How would you describe the normal working conditions restored after radio silence has been imposed?,Choice,"The Rescue Coordination Center (RCC) that imposed the radio silence must transmit a voice message on the distress frequency stating ""SEELONCE FEENEE"".","The Land Earth Station (LES) that imposed the radio silence must transmit a voice message on the Distress frequency stating ""SEELONCE FEENEE"".","The Coastal Earth Station (CES) that imposed the radio silence must transmit a voice message on the Distress frequency stating ""SEELONCE FEENEE"".","The Public Correspondence Station (PCS) that imposed the radio silence must transmit a voice message on the Distress frequency stating ""SEELONCE FEENEE"".",,,,1,1,
At anchorage your vessel is on fire what flag signal you should hoist to alert other ship?,Choice,"""M""","""K""","""J""","""F""",,,,3,1,
"Under GMDSS, a compulsory VHF- DSC radiotelephone installation must be tested at what minimum intervals at sea?",Choice,At the annual SOLAS inspection.,"Annually, by a representative of the FCC.",Daily,Monthly,,,,3,1,
What does DCE stands for?,Choice,Direct Circuit Equipment,Data Circuit Equipment,Data Circuit Termination Equipment,Direct Circuit Termination Equipment,,,,3,1,
Which of the following license meets the requirement to serve as a GMDSS operator?,Choice,General Radiotelephone Operator's License,GMDSS Radio Operator's License,GMDSS Radio Maintainer's License,Marine Radio operator's Permit,,,,2,1,
What element of a DSC call indicates the type of distress situation?,Choice,Message 1 of distress calls,Message 2 of distress calls,Message 3 of distress calls,Message 4 of distress calls,,,,1,1,
How would you describe the main purpose of transmissions on 2174.5 kHz?,Choice,It is for routine ship-to-ship telex messages on HF.,"It is for MF telex distress, Urgency and safety messages.",It is for NAVTEX English language broadcast.,It is for ship-to-ship RT communications for the Safety of Navigation.,,,,2,1,
What might be used as a homing signal by the search and rescue vessels in the immediate vicinity of the ship in distress?,Choice,406 MHz signal from a satellite EPIRB,A 121.5 MHz emergency transmitter in a Satellite EPIRB,Strobe light,Flare gun,,,,2,1,
Which of the following satellite systems if of particular & dedicated importance to search and rescue missions under GMDSS?,Choice,Inmarsat,iridium,COSPAS/SARSAT,GPS,,,,3,1,
What is the proper format for a Distress follow on voice transmission (3x is three times)?,Choice,"All station 3x, this is Ship\'s Name/Call sign 3x, Ship\'s position, nature of distress and assistance requested.","Mayday 3x, this is Ship\'s Name/ Call sign 3x, Ship\'s position, nature of distress and assistance requested.","Mayday 3x, this is Ship\'s Name/ Call sign once, Ship\'s position, nature of distress and assistance requested.","All ships 3x, this is Ship\'s Name/Call sign 3x, Ship\'s position, nature of distress and assistance requested.",,,,2,1,
How many pieces of SART must be provided for a ship of 500 gross tonnage & above?,Choice,3,4,1,2,,,,4,1,
"According to International Regulations, what is the other use of VHF Ch. 06?",Choice,For ship to shore communications.,For routine DSC alerting.,For on board communications.,For ship to aircraft engaged in SAR operations.,,,,4,1,
Which of the following equipment should be tested at least once a month and details entered in a radio log?,Choice,"SART, EPIRB and handheld VHF sets.",NAVTEX,Reserve source of energy if not a battery.,Each printer for adequate paper.,,,,1,1,
Your ship received a distress relay DSC freq. 2187.5 kHz. You Would acknowledge by radio telephony on what frequency?,Choice,6312.0 kHz,8290.0 kHz,2182.0 kHz,4207.5 kHz,,,,3,1,
The International Telecommunication Union facilitates the assignment of MIDs to countries. What is the allocated MID number for the Philippines?,Choice,533,548,567,574,,,,2,1,
The establishment and operation of a ship reporting system should take the following into account EXC???:,Choice,Pollution purposes,Urgency,Distress,Safety,,,,2,1,
"Which of the following channel an operator may use, when conducting on- board VHF communications?",Choice,Ch.12 or 13,Ch.13 or 6,Ch.15 or 17,Ch.16 or 6,,,,3,1,
"If the NAVTEX cannot be feasibly established, what system can be implemented to provide an automated service in coastal waters to receive MSI?",Choice,Safety/NET,VHF DSC,AMVER,ARQ SITOR,,,,1,1,
"If a NAVTEX warning message is received but it contains too many errors to be usable, what should a GMDSS Radio Operator's action?",Choice,"Initiate a request for Category A, B, L and D messages.",Ignore it. Vital NAVTEX messages will be repeated on the next scheduled broadcast.,Listen to appropriate VHF weather channel for repeat warnings.,Contact the NAVAREA coordinator and request a repeat broadcast.,,,,2,1,
"At mid-day, what would be the best choice in attempting to communicate with the shorestation 15 miles (24 KM) distant?",Choice,HF,MF,VHF band,DSC,,,,3,1,
Which of the following statements concerning GMDSS Radio Operator requirements is false?,Choice,"While at sea, adjustments to, and the maintaining of, GMDSS equipment may be performed by the GMDSS Radio Operator as long as the work is supervised by an on board licensed GMDSS Radio Maintainer.",All communications involving Safety of life a at sea must be logged as long as the compulsory vessel was not involved in such communications.,Each compulsory vessel must carry at least two licensed GMDSS Radio Operators at all times while at sea and may elect to carry a GMDSS Radio Maintainer as well.,Each compulsory vessel must carry at least two licensed GMDSS Radio Operators at all times while at sea.,,,,2,1,
You have received the 9 digit MMSI of a ship in distress. In which ITU publication would you find the name of the ship?,Choice,List of call signs and numerical identities,ITU list of ship station,Admiralty list of radio signals,ITU list of coast stations,,,,1,1,
What does DTE Stands for?,Choice,Digital Terminal Equipment,Data Terminal Equipment,Data Transport Equipment,Digital Transport Equipment,,,,2,1,
Which equipment on the bridge is used for locating a SART?,Choice,NAVTEX,AIS,RDF,RADAR,,,,4,1,
"From the following statement, how would you best describes amplitude modulation?",Choice,It is the character data from the terminal is changed to audio tones.,It is the frequency is varied in synchronization with the modulating signal.,It is the amplitude of the carrier is changed but there is still only a single frequency being transmitted.,It is the amplitudes in the sidebands(s) changes but the radio carrier frequency remains constant.,,,,4,1,
What does SES stands for?,Choice,Surface Earth Station,Ship Earth Station,Ship Emergency Station,Services Extra Station,,,,2,1,
"How should communications be conducted on ship reporting, taking into account any other relevant guidelines, criteria, regulations or instruments developed by IMO?",Choice,In conformity with IMO resolution A 433 (20),In conformity with IMO resolution A 851 (20),In conformity with IMO resolution A 401 (92),In conformity with IMO resolution A 356 (92),,,,2,1,
Which of the following equipment should be tested at least once a month and details entered in radio log?,Choice,"SART, EPIRB and handheld VHF sets.",NAVTEX,Each printer for adequate paper,Reserve source of energy if not a battery.,,,,1,1,
How would you explain the effect of a dirty battery terminals?,Choice,may cause a excessive gassing,may cause an increase in charging voltage,may cause a decrease in the voltage of the battery when on load,may cause a decrease in the discharge current when off load,,,,3,1,
How would you classify the MMSI number 002570700?,Choice,It is a coast station,It is aircraft station,It is a ship station,It is ship earth station,,,,1,1,
What type of modulation is most commonly used for VHF packet radio transmission?,Choice,AM,FM,SSB,CW,,,,2,1,
"Choose from the following is the Appropriate Safety Convention Certificate, ITU Master Plan of GMDSS Coast Stations, and ITU manual for Maritime Mobile station?",Choice,"ITU List IV List & List V, Appropriate Safety Convention Certificate & ITU manual for Maritime Mobile stations.","ITU List IV & List V, Appropriate Safety Convention Certificate & IMO manual for Maritime Mobile stations.","Appropriate Safety convention Certificate, ITU Master Plan of CGMDSS Coast stations, and ITU manual for Maritime Mobile stations.","ITU Master Plan of GMDSS Coast stations, ITU manual for Maritime Mobile stations, ITU List IV & List V.",,,,1,1,
"Which Regulation from the SOLAS Chapter IV states there shall be available at all times, while the ship is at sea, a supply of electrical energy sufficient to operate the radio installations and to charge any batteries used as part of a reserve source or sources of energy for the radio installations?",Choice,Regulation 14,Regulation 12,Regulation 16,Regulation 13,,,,4,1,
What is the primary frequency range for terrestrial communications using skywave propagation?,Choice,3-30 MHz,30-300 MHz,"300-3,000 kHz",10-30 MHz,,,,1,1,
What is most common type of antenna for GMDSS MF-HF?,Choice,Wire antenna,TV antenna,Coaxial cable antenna,Vertical whip,,,,4,1,
What is the requirement for emergency and reserve power in GMDSS radio installations?,Choice,Only one of the able is required if a vessel is equipped with a second 406 epirb as a backup means of sending a Distress alert.,An emergency power source for radio communications is not required if a vessel has proper reserve power (batteries).,Compulsory ships must have emergency and reserve power sources for radio communications.,A reserve power source is not required for radio communications.,,,,3,1,
What is the primary purpose of the GMDSS?,Choice,Allow more effective control of SAR situations by vessels.,Effective and inexpensive communications.,Provide additional shipboard systems for more effective company communications.,Automate and improve emergency communications for the world\'s shipping industry.,,,,4,1,
Which maintenance functions can a GMDSS Radio operator perform?,Choice,The operator is responsible for ensuring that INMARSAT antennas are free of build-up soot and clear of obstacles.,The operator may install an EPROM in order to ensure that the equipment continues to operate within legal constraints.,All levels of maintenance must be performed by a licensed GMDSS radio maintainer.,The operator can make fine internal adjustments to the transmitter as long as the output power does not change by more than one percent.,,,,1,1,
"When performing battery maintenance, what is the purpose of petroleum jelly?",Choice,To protect against acid leakage through cell top caps.,To protect hands from acid splashes.,To protect exposed terminals and connectors.,To protect the battery casing from corrosion.,,,,3,1,
What element of a DSC call describes the emergency position with aid of 10 digits?,Choice,Message 3 of distress calls,Message 1 of distress calls,Message 4 of distress calls,Message 2 of distress calls,,,,4,1,
"Which sideband is normally used for 10-meter HF, VHF and UHF single- sideband communications?",Choice,Upper sideband,Lower sideband,Inverted sideband,Suppressed sideband,,,,1,1,
The AIS-SART should be capable of transmitting messages of a unit in distress EXCEPT:,Choice,Static information.,Type of ship.,Position.,Safety information.,,,,2,1,
How could the search vessel's GMDSS radio operator interrogate a survival craft SART?,Choice,By activating the emergency position-indicating radio beacon it will point to the direction of the SART.,The SART signal is interrogated by the vessel AIS equipment and the bearing and position can be determine.,By switching ON the search vessels SART it responded automatically detecting other vessels SART signals.,The SART automatically responded when it is detected by the search crafts or other vessel's on X- band radar signal.,,,,4,1,
Under what conditions would you relay a DSC distress alert?,Choice,When your position is too far away from the vessel in distress.,When your vessel is not in position to render assistance.,If the mobile unit in distress is incapable of further distress alert communications.,When the master of the vessel in distress considers that further help is necessary.,,,,3,1,
"In the EGC Safety net service, what type of NAVTEX warning is letter ""D"" represent?",Choice,Navigational Warning Information,Meteorological Warning information,Search and Rescue information,SatNav messages,,,,3,1,
What type of station would be assigned the call sign YBRV2?,Choice,Navy Landing craft,Bulk carrier,Container ship,Passenger ship,,,,1,1,
What does a NAVTEX receiver do when it runs out paper?,Choice,The system will automatically change from receiving MSI by NAVTEX to receiving it by SafetyNETTM so that no message will be lost.,Listen to appropriate VHF weather channel for NAVTEX messages that was not printed.,"The unit cannot operate, and all subsequent MSI broadcast are missed until the paper is replaced.",It will give off either an audible and/or visual alarm.,,,,4,1,
"the Watch Officer hears ""PAN PAN"" spoken three 3 times, what does it means:",Choice,A navigation or important meteorological warning should follow.,The station is preparing to transmit an URGENT message possibly concerning the safety of a mobile unit or person.,A Mobile unit is in need of immediate assistance.,None of the above.,,,,2,1,
What does SRR stands for?,Choice,Standard Rescue and Regions,Services Rules and Rescue,Search and Rescue Regions,Safety Regions on Rescue,,,,3,1,
How would you demonstrate your action after sending a false or accidental Distress alert on Inmarsat-C?,Choice,"Press the ""Distress Hot Key"" then press the \""cancel\"" key.",Do nothing until the RCC contacts your vessel to determine if the Distress alert was genuine.,Select the cancel false Distress alert option in the Distress Setup Menu and re-transmit the call.,"Select "" Transmit "" or "" SEND/ REC "" menu and send a cancellation message via the LES used for the Distress alert.",,,,4,1,
Choose from the following statement regarding a GMDSS equipped ship is FALSE?,Choice,"A conditional or partial exemption may be granted, in exceptional circumstances, for a single voyage outside the sea area for which the vessel is equipped.",Ships must have the required equipment inspected at least once every five years.,The regulations apply to all passenger ships regardless of size and cargo ships of 300 gross tons and upwards,Ships must carry at least two persons holding a GMDSS Radio Operator\'s License for distress and Safety radio communications purpose.,,,,2,1,
Which of the following is a functional or carriage requirement for compulsory vessels?,Choice,A compulsory vessel must satisfy certain equipment carriage requirements based on the intended sea area of operation.,A compulsory vessel must be able to transmit and respond to Distress alerts and carry only one (1) FCC licensed GMDSS Radio Operator in sea areas A1 & A2.,None of these answer are correct.,A compulsory vessel must carry at least two(2) FCC licensed GMDSS Radio Operators in all sea areas as well as a GMDSS Maintainer in sea areas A3 & A4.,,,,1,1,
At what point does a SART begin transmitting?,Choice,When it is held horizontally as high as possible.,It must be manually activated.,"It immediately begins radiating when placed in the \""on\"" position.","If it has been placed in the \""on\"" position, it will respond when it has been interrogated by a 9 GHz radar signal.",,,,4,1,
What is the meaning of the acronym MSI?,Choice,Maritime Safety Identification,Maritime Safety information,Maritime Service Information,Maritime Services Identification,,,,2,1,
How would you classify from the following is commonly part of 406 MHz satellite EPIRB's?,Choice,"A 5-watt 406 MHz alert beacon, Automatic Hydrostatic Release (ARM), strobe light.","Automatic float-free bracket, 5- watt 121.5 MHz homing beacon, strobe light. Automatic Hydrostatic Release (ARM),","1-watt 121.5 MHz alerting beacon, strobe light.","A strobe light, automatic float- free bracket, 1-watt 406-MHz alert beacon.",,,,1,1,
What is the effect of temperature on the specific gravity of lead acid batteries?,Choice,Higher temperature results in a higher specific gravity reading.,Temperature has no effect on the specific gravity reading.,Higher temperature results in a lower specific gravity reading.,Lower temperature results in a lower specific gravity reading.,,,,3,1,
"In GMDSS, What is the channel used for VHF DSC calling for distress and safety is?",Choice,Channel 1,Channel 2,Channel 70,Channel 13,,,,3,1,
"Once activated, how is the signal of 406 MHz COSPAS-SARSAT is detected?",Choice,Only detected and directly passed on when an LUT is within the reach of the satellite.,Always immediately detected by the satellites concerned.,Detected within half hour by the satellites concerned.,Detected within one and a half hours by the satellites concerned.,,,,2,1,
"If a vessel is operating 100 nautical miles from shore within range of shore based MF station, the vessel is operating within what area?",Choice,Sea area A2,Sea Area A4,Coastal waters,Navigation lanes,,,,1,1,
How is a distress message normally initiated through INMARSAT?,Choice,"Certain INMARSAT units have a dedicated key that can be pressed for immediate action, while other systems provide menu-driven features.",By transmitting the distress message on the U.S. Coast Guard\'s dedicated monitoring channel.,"By addressing the word \""DISTRESS\"" in the first line of the message\'s preamble................",AII INMARSAT units have a dedicated key that can be pressed for immediate action.,,,,1,1,
What is usually the FIRST step for a GMDSS Radio Operator's action when initiating a distress priority message via Inmarsat?,Choice,By dialing the correct code on the telephone remote unit.,"By pressing a ""Distress Button"" or ""Distress Hot Key(s)"" on the equipment.",By contacting the CES operator and announcing a distress condition is in existence.,"By contacting the CES operator using the radiotelephone distress procedure ""Mayday"" etc.",,,,2,1,
Which of the following service or maintenance functions may NOT be performed by the holder of a GMDSS Radio Operator License?,Choice,"Replacement of consumable items such as paper, ribbons, etc.",Reset tripped circuit breakers or replace defective fuses.,Routine battery maintenance if used as part of the GMDSS station.,Any adjustments or maintenance that may affect the proper operation of the station.,,,,4,1,
"What is class ""A"" EPIRB?",Choice,An alerting device notifying mariners of imminent danger.,"An automatic, battery-operated emergency position indicating radiobeacon that floats free of a sinking ship.",A satellite-based maritime distress and safety alerting system.,A high efficiency audio amplifier.,,,,2,1,
What are an ITU channels?,Choice,International Ships assigned working frequencies,International Calling Frequencies,An international designation of specific frequencies,International Telecommunication Union,,,,3,1,
How would you describe the signal transmitted in J2B mode?,Choice,It is a full carrier and two sidebands.,It has an upper sideband of a single tone switched on and off.,It is a full carrier and one sideband.,It has an upper sideband of 2 alternating tones.,,,,4,1,
How can SART's effective range be maximized?,Choice,It must be switched to Test position.,It must be switched to ON position.,It must be mounted 1 meter above the sea surface while on board the survival craft.,The SART into the sea as soon as possible to begin transmitting.,,,,3,1,
What does the DSC control unit do if the GMDSS radio operator fails to insert updated information when initiating a DSC distress alert?,Choice,It will initiate the DSC distress alert and default information will automatically be transmitted.,"It will initiate the DSC distress alert, but any station receiving it will have to establish contact with the distressed vessel to determine its identity, position and situation.","It will initiate the DSC distress alert but, as no information will be transmitted, rescue personnel will not be able to identify the vessel, its position or its situation.",It will abort the transmission and set off an audible alarm that must be manually rest.,,,,1,1,
"A shore-to-ship distress alerts relay initiated by a station of a rescue coordination centre which receives a distress alert shall be addressed to any following, EX?????",Choice,Inland and Coastal waters,Coastal and inland water,Coast station,Navigation lanes,,,,3,1,
"What is the code used to obtain maritime assistance if the vessel requires assistance or towing or has encounter oil pollution, etc..?",Choice,43,42,41,39,,,,4,1,
Which of the following primary equipment for receiving Maritime Safety Information (MSI)?,Choice,an EPIRB,a NAVTEX,a SART,a INM-B,,,,2,1,
What is the proper procedure to be followed upon receipt of a distress alert transmitted by use of Digital Selective Calling Techniques?,Choice,Set watch on the DSC alerting frequency in the band of frequencies the alert was received.,Set Watch on the radiotelephone distress and safety frequency associated with the distress and safety calling frequency on which the distress alert was received.,Ship stations equipped with narrow band direct printing equipment should respond to the distress alert as soon as practicable by this means.,"Set a continuous watch on VHF- FM Channel 13, 16 and DSC on Channel 70.",,,,2,1,
"In a lifeboat or liferaft, what is a method of maximizing the effectiveness of a SART?",Choice,Throw the unit to the Sea.,Hold or mount the unit as high as possible.,Move the Switch to test position.,Switched ON the SART.,,,,2,1,
Which of the following systems is least susceptible to fading or static interference?,Choice,Inmarsat,HF SITOR (NBDP),MF-HF DSC Controller,VHF ARQ,,,,1,1,
"Reference to Radio Regulation Article 1 Section III Radio Services, what is meant by a mobile satelite service in which mobile earth stations are located on board ships, survival craft stations and emergency position-indicating radiobeacon stations may also participate in this service?",Choice,maritime mobile service,land mobile service,maritime-mobile satellite service,land mobile-satellite service,,,,3,1,
"Reference to Radio Regulation Article 1 Section III Radio Service.. What is meant by a maritime mobile service in or near a port, between coast stations and ship stations, or between ship stations, in which messages are restricted to those relating to the operational handling the movement and the safety of ships and in emergency to the safety of persons?",Choice,broadcasting service,ship movement service,port operations service,maritime radionavigation service,,,,3,1,
Which from the following obligatory requirement for GMDSS?,Choice,All vessels capable of international voyage.,Coastal vessel of less than 300 gross tons.,Vessel operating outside of the range of VHF coast radio stations.,SOLAS Convention ships of 300 gross tonnage or more.,,,,4,1,
"When positive information is received that a ship or a person on board is in grave and imminent and in need of immediate assistance, what is the emergency phase to be declared?",Choice,Critical phase,Distress phase,SAR phase,Uncertainty phase,,,,2,1,
What preparation to be carried out during an annual GMDSS station inspection?,Choice,GMDSS operators may be required to demonstrate equipment competencies and any of required equipment that is not fully operational can be repaired at the next port of call as long as their functional.,Licensed GMDSS operators may not be required to demonstrate equipment competencies but all required equipment must be fully operational.,All required documents and publications might have to be produced and GMDSS operations may be required to demonstrate equipment competencies.,All required equipments must be fully operational and any required publications that are not current must been order.,,,,3,1,
"What is normally received by the master through Inmarsat-C or NAVTEX relative to weather forecasting, detailing the condition, duration and the geographical extent of the advisory?",Choice,Weather advisory.,Weather transmission.,Weather bulletin.,Weather forecast.,,,,1,1,
Which of the following are required GMDSS functions?,Choice,"Bridge-to-Bridge communications, general communications, SAR communications.","Bridge-toBridge communications, reception of weather map facsimile broadcasts, SAR communications.","Reception of weather map facsimile broadcast, SAR communications.","Reception of weather map facsimile broadcasts, receiving company email, On-scene communications.",,,,1,1,
"In the international NAVTEX System, what NAVAREA covered Philippine waters?",Choice,V,VI,IX,XI,,,,4,1,
"Trading at GMDSS Sea Area A3, how would you best describe as being an area within?",Choice,It is within MF RT range of at least one shore station providing continuous MF DSC alerting.,It is within coverage range of the Inmarsat geostationary satellite system.,It is within VHF RT range of at least one shore station providing continuous VHF DSC alerting.,It is within 50 to 600 miles from the coast.,,,,2,1,
"Upon receipt of a Distress alert transmitted by use of Digital Selective Calling (DSC) techniques, what is the proper procedure to be followed?",Choice,Set watch on the DSC alerting frequency in the band of frequencies the alert was received.,Set watch on the radiotelephone Distress and Safety frequency associated with the Distress and Safety calling frequency on which the Distress alert was received.,"Set a continuous watch on VHF- BFM Channel 13, 16 and DSC on Channel 70.",Ship stations equipped with narrow-band direct printing equipment should respond to the Distress alert as soon as practicable by this means.,,,,2,1,
"How would explain the meaning of ""Reserve Source of Energy""?",Choice,Diesel fuel stored for the purpose of operating the powered survival craft for a period equal to or exceeding the SOLAS requirements.,Power to operate the radio installation and conduct Distress and Safety communications in the event of failure of the ship's main and emergency sources of electrical power.,"High caloric value items for lifeboat, per SOLAS regulations.",The diesel fueled emergency generator that supplies AC to the vessel's emergency power bus.,,,,2,1,
Which of the following is an operating method that the transmission is made alternately in each direction of a telecommunication channel?,Choice,Half-duplex operation,Simplex-operation,Duplex-operation,Semi-duplex operation,,,,1,1,
In which IMO Convention does the guidelines and criteria for Ship Reporting?,Choice,SOLAS regulation V/II,STCW Table A-IV/2,ISM Code Chapter 9,Marpol Annex 3,,,,1,1,
What are the mandatory DSC watchkeeping bands/channels?,Choice,"2MHz MF DSC, 8 MHz DSC, VHF Ch-16 and 1 other HF DSC","VHF Ch-70, 2 MHz NF DSC, 4 MHz and 8 MHz DSC.","8 MHz HF DSC, 1 other HF DSC, 2 MHz MF, DSC and VHF Ch-70","VHF Ch-70, 2 MHz MF DSC, 6 MHz DSC and 1 other HF DSC",,,,3,1,
"In ICS, How would you show the signal for the phrase ""I AM SINKING"" ?",Choice,"The code signal ""AQ""","The code signal ""CX""","The code signal ""TI""","The code signal ""DX""",,,,4,1,
What is the principal advantage of NAVTEX radio warnings?,Choice,They cover a broad spectrum of the radio band allowing reception on almost any type of receiver.,Information on a given topic is only broadcast at specified times.,They can be used by mariners who do not know Morse code.,FM radio is necessary to receive these warnings.,,,,3,1,
"Which of the following situations would normally use the voice designation ""SECURITE""?",Choice,Engine failure in congested waters,Messages detailing important navigational warnings,Man Overboard,Message about steering gear failure in approaches,,,,2,1,
Your antenna tuner becomes totally inoperative. What would you do to obtain operation on 2 HF bands?,Choice,"Without an operating antenna tuner, transmission is impossible.","It is impossible to obtain operation on 2 different HF bands, without an operating antenna tuner.",Bypass the antenna tuner. Use a straight whip or wire antenna approximately 30 ft. long.,Bypass the antenna tuner and shorten the whip to 15 ft.,,,,3,1,
Select from the following system is most likely to be affected by atmospheric disturbances?,Choice,SafetyNETTM,VHF DSC,MF/HF radiotelephony,Inmarsat,,,,3,1,
Select from the following are required GMDSS functions?,Choice,"Reception of weather map facsimile broadcasts, receiving company email, On-scene communications.","Bridge-to-Bridge communications, general communications, SAR communications.","Reception of weather map facsimile broadcasts, receiving company email, On-scene communications.","Bridge-to-Bridge communicaitons, reception of broadcasts, SAR weather map facsimile communications.",,,,2,1,
"The sorting of MID assignments in numerical order reveals a regional structure, what is the first digit assigned to Europe?",Choice,7,2,5,4,,,,2,1,
"If your vessel is in the southern Pacific Ocean near the Dateline, which of the following LES should you select to update a distress alert message?",Choice,Auckland (New Zealand) would be the best choice depending on SAR jurisdiction.,Beijing (PRC) would be the best choice depending on SAR jurisdiction.,Kumsan (South Korea) or Sentosa (Singapore) would be the best choice depending on SAR jurisdiction.,Yamaguchi (Japan) or Nakhoda (Russia) would be the best choice depending on SAR jurisdiction.,,,,1,1,
What does UTC stands for?,Choice,Universal Time Coordinated,Universal Transport Committee,Universal Time Committee,User Time Coordinated,,,,1,1,
"For safety reason, radar reflectors fitted should produce reliable detection in practical conditions and perform in what type of radar?",Choice,9 GHz (X-band),3 GHz (S-Band),Both 9 GHz (S-Band and 3 GHz (X-band),Both 3 GHz (S-Band and 9 GHz (X-band),,,,4,1,
What is a SART stands for?,Choice,Search and Rescue Transport,Search and Rescue Transponder,Services and Radio Transmitter,Services and Rescue Transmitter,,,,2,1,
What is the IAMSAR procedural term that is used to separate portions of a message or one message from another?,Choice,Roger,Negative,Break,Affirmative,,,,3,1,
Choose from the following frequency bands would most likely provide reliable communications between two stations that are 100 miles (160 km) apart?,Choice,Medium Frequency (MF) band,Low Frequency(LF) band,Very High Frequency (VHF) band,High Frequency (HF) band,,,,1,1,
Which statement is false regarding a GMDSS equipped ship?,Choice,"A conditional or partial exemption may be granted, in exceptional circumstances, for a single voyage outside the sea area for which the vessel is equipped.",Ships must have the required equipment inspected at least once every five years.,Ships must carry at least two persons holding a GMDSS Radio Operator\'s license for distress and Safety Radio communications purpose.,The regulations apply to all passenger ships regardless of size and cargo ships of 300 gross tons and upwards.,,,,2,1,
"What is meant by the acronym ""ECC"" in a DSC message?",Choice,Error check Character,Every Cipher Counted,Error Check Counted,Even Characters Counted,,,,1,1,
How would you best describe Inmarsat-C operation?,Choice,"It is a digital store-and-forward system that also provides Enhanced Group Call, data reporting, polling and Distress alerting capabilities.","It provides for voice, TELEX, high and low-speed data and compressed video communications.",It requires a stabilized directional antenna.,It is an analog-based system,,,,1,1,
How is NAVTEX receiver programmed to reject certain messages?,Choice,By Selecting a message category\'s Single letter (A-Z) identifier.,"By pressing \""00\"" in the transmitter\'s ID block.",The transmitting stations two digit stations two digit identification can be entered to deselect reception of its broadcasts.,By entering the Selcall of the transmitting station.,,,,1,1,
What method to determine the condition of charge of a lead-acid battery?,Choice,Measuring the specific gravity of the electrolyte.,Measuring the voltage off load.,Measuring the temperature of the electrolyte.,Measuring maximum current under load.,,,,1,1,
What does GFR Stands for...?,Choice,Global Frequency Range,Global Frequency Rate,Global Frequency Service,Gold Franc,,,,4,1,
How would you describe the precautionary measures for the vessel regarding DSC relays of Distress alerts?,Choice,It should be done for all Distress alerts received aboard the ship.,It should be transmitted to all ships involved in Distress traffic.,Are the best means to provide for a retransmission of Distress communications.,It should be avoided unless an acknowledgement has not been heard.,,,,4,1,
Which of the following is not a purpose of bridge-to-bridge communication?,Choice,Safety of Navigation,AMVER Reporting,Security Communication,Navigational Communications,,,,2,1,
Identify which from the following a SART may be triggered?,Choice,A signal from MF DSC,A signal from 10 cm / S- band radar,A signal from 3 cm / X band radar,A signal from COSPAS SARSAT EPIRB,,,,3,1,
"When maintaining lead acid batteries, how would you show your understanding the importance of protective clothing should be worn?",Choice,because a corrosive electrolyte is used.,because the battery compartment may be in a dangerous location.,because there is risk of electric shock.,because a volatile gasses may be emitted.,,,,1,1,
Which of the following is required by GMDSS?,Choice,All vessels capable of International voyages.,SOLAS Conventions ships of 300 gross tonnage or more.,Vessels operating outside of the range of VHF coastal radio stations.,Coastal vessels of less than 300 gross tons.,,,,2,1,
What is the internationally recognized urgency signal?,Choice,"Three oral repetitions of the word \""safety\"" sent before the call.","The letters \""TTT\"" transmitted three times by radiotelegraphy.","The pronouncement of the word \""Mayday\"".","The word \""PAN PAN\"" spoken three times before the urgent call.",,,,4,1,
"Reference to Radio Regulation Article 1 Section IV Radio station and systems, what is meant by an earth station in the fixed satellite service or in some cases, in the mobile -satellite service located at a specified fixed point or within a specified area on land to provide a feeder link for the mobile- satellite service?",Choice,land mobile earth station,land mobile station,land earth station,base earth station,,,,3,1,
Your ship received a Distress relay from a coast station on DSC VHF channel 70. How would the watch officer demonstrate his action?,Choice,He should monitor Ch.16 to determine if there are any genuine Distress communications.,He should retransmit theDSC call on Ch.70 to other vessels in the vicinity.,He should monitor Ch.06 to determine if there are any genuine Distress communications.,"He should transmit a voice \""Mayday Relay\"" call on Ch.13.",,,,1,1,
You received an urgency call on VHF Channel 70. On what frequency are you going to listen for the complete message?,Choice,Channel 12,Channel 13,Channel 16,Channel 70,,,,3,1,
What does USB stands for?,Choice,Upper Side Band,Unity Side Band,User Services Band,Universal Services Band,,,,1,1,
"Chapter 3 of the International Code of Signals, Section 2: Request for Medical Assistance, which code should your message means ""I require a Helicopter urgently with a Doctor""?",Choice,BR 3,BR 2,BT 2,BT 3,,,,2,1,
"The print out of a Navtex self test shows a signal test pass but a noise test fail, what immediate action should be taken to?",Choice,Check the amplifier fuses.,Check receiver is set up to receiver station for your area.,Consult the fault finding guide in the operation manual.,Check that the receiver is set up to receive the correct message types.,,,,3,1,
"Which of the following book aims to provide guidance to those who, during emergencies at sea may require assistance or may be able to render assistance?",Choice,Admiralty List of Radio Signals,ITU List of Coast Station,IAMSAR manual,MERSAR manual,,,,4,1,
Approximately how close a SART indicated by rings or circles on the radar display?,Choice,4 nautical miles,3 nautical miles,2 nautical miles,1 nautical miles,,,,4,1,
What is the purpose of the squelch control on a GMDSS transceiver?,Choice,To adjust the automatic gain control when no signal is being received.,To set the transmitter power level.,To set the highest level of volume desired.,To mute receiver output noise when no signal is being receive.,,,,4,1,
Choose from the following the required to maintain a watch on a vessel certified for service in Sea Area A3?,Choice,"VHF Channel 70, MF Frequency 2187.5 kHz and one other HF DSC frequency.","VHF Channel 16, VHF Channel 70, MF Frequency 218.5 kHz, HF on 8414.5 MHz and HF 4177.5 MHz.","MF Frequency 2187.5 kHz, HF on 8414.5 kHz and one other HF DSC frequency, HF on 4125.0 kHz.","VHF Channel 70, MF Frequency 2182.0 kHz, HF on 8414.5 kHz and one other HF DSC frequency.",,,,1,1,
What element of the DSC call indicates if the call requires an acknowledgement of receipt and if the current message is a reply to another call?,Choice,Awaiting acknowledgement.,DSC call in progress.,End of sequence.,SSB connected.,,,,3,1,
How would you summarize the number of sidebands present in the J3? mode?,Choice,It has two carriers and one sideband.,It has one lower sideband.,It has one upper sideband.,It has two sidebands and a carrier.,,,,3,1,
A GMDSS equipped vessel must carry equipment capable of Medium Frequency (MF) DSC transmission and reception.,Choice,Only if not equipped with the Enhanced Group Call system.,When operating outside of VHF- DSC range of shore.,In all operating ocean areas.,When operating in areas of no INMARSAT coverage.,,,,2,1,
What does Kbps stands for?,Choice,Kilobits per second - 1000 bits/second,Kilobytes per second - 1000 bits/second,Kilobyte per second,Kilohertz,,,,1,1,
"Which of the following has been designated for ""On-Scene"" communications in GMDSS?",Choice,2187.5 KHZ MF,Channel 70 DSC,Channel 16 on VHF RADIOTELEPHONE,VHF Tron air,,,,3,1,
What is defined as the area within the radiotelephone coverage area of at least one VHF coast station in which continuous DSC alerting is available as defined by the IMO regulation for GMDSS?,Choice,Sea Area A1,Sea Area A2,Coastal and Inland Waters,"Ocean Area Regions AOR-E, AOR-W, POR or IOR",,,,1,1,
What is a Valid MMSI number for a DSC call to a specific group of vessel?,Choice,384629410,334862941,003023791,030327931,,,,4,1,
NAVTEX transmission has a designed range of up to?,Choice,100 nautical miles,300 nautical miles,200 nautical miles,400 nautical miles,,,,4,1,
What does COSPAS/SARSAT Stands for?,Choice,Committee on Search and Rescue Aided Tracking,Search and Rescue Satellite Alternating Tracking,Search and Rescue Satellite Aided Tracking,Coast Earth Station Search and Rescue Satellite Aided Tracking,,,,3,1,
"In the International Code of Signal, Chapter 3, Table M-3, List of Medicaments, which injection is to be used only on Medical Advice by radio except in case of Anaphylactic shock due to Penicillin injection?",Choice,Morphine injection (15 mg per ampoule),Adrenalin injection (1 mg in Ampins),Tetracycline injection (100 mg per ampoule),Streptomycin injection (1000 mg per ampoule),,,,2,1,
On which frequency are navigational and meteorological messages normally sent on the NAVTEX system?,Choice,500 KHZ,518 KHZ,2187.2 kHZ,2182 KHZ,,,,2,1,
Which of the following statements concerning COSPAS-SARSAT is not true?,Choice,EPIRBs are units that are used as alerting Devices.,These are satellites detecting signals from SART.,These are satellites in a low- earth polar orbit that detect EPIRB beacons on 406 MHz and relay the information to an earth-side Local User Terminal (LUT).,The Doppler frequency measurement concept is used to determine the EPIRB\'s location.,,,,2,1,
"What is this service publication prepared and issued, once a year by the International Telecommunication Union (ITU), in accordance with provision no.20.8 of the Radio Regulations (RR)?",Choice,ITU LIST V List of Ship Stations and Maritime Mobile Service Identity Assignments.,ITU LIST VIIA List of Call Signs and Numerical Identities.,ITU LIST IV Coast Stations / List of Radiodeterminations and Special service.,ITU LIST VI List of Radiodetermination and Special Service Stations.,,,,1,1,
What is the frequency range of Very High Frequency (VHF)?,Choice,30-100 MHZ,30-200 MHZ,30-300 MHZ,30-350 MHZ,,,,3,1,
"To keep it in a working condition and make the best use of MF DSC equipment, how often should be tested?",Choice,"Weekly, by means of an internal test.","Weekly, by contacting a coast station.","Monthly, by contacting a coast station.","Monthly, by means provided by the equipment.",,,,2,1,
Which of the following statements is NOT a basic concept of GMDSS?,Choice,Search and rescue authorities ashore can be alerted to a distress situation.,Shipping in the immediate vicinity of a ship in distress will be rapidly alerted.,Shoreside authorities and vessels can assist in a coordinated SAR operation with minimum delay.,Shipping correspondence is made easy and concise.,,,,4,1,
"The phases of emergency at sea established to classifying incidents and determining the actions to be taken are the following ""EXCEPT"":",Choice,Alert phase,Critical phase,Uncertainty phase,Distress phase,,,,2,1,
Some LESOs have direct connections with local hospitals for used with this code. What is this code to obtain medical advice?,Choice,33,38,32,37,,,,3,1,
What is the VHF channel used for communication between ships and aircraft for coordinated SAR operation?,Choice,Channel 1,Channel 6,Channel 13,Channel 70,,,,2,1,
"Reference SOLAS IV, Regulation 2, this means an area, excluding Sea Area A1, within the radiotelephone coverage of at least one MF coast station in which continuous DSC alerting is available. Which from the following Sea Area conform with the term and definition of the regulation?",Choice,Sea Area A4,Sea Area A3,Sea Area A2,Sea Area A1,,,,3,1,
Describe which from the following includes the proper watchkeeping?,Choice,"After silencing an alarm, all displays and/or printouts are read, monitoring all required frequencies in the proper mode, notifying the Master of any Distress alerts.","Setting the DSC scanner only to the mandatory 2 MHz and 8 MHz, maintain continuous watch on 2182.0 kHz or 4125.0 kHz, notify the Master of any distress traffic heard.","Notifying the Master of any distress alerts, setting the DSC scanner to 2 MHz, 4 MHz and 8 MHz for ships in the vicinity, monitoring all required frequencies in the proper mode.","Monitoring all required frequencies in the proper mode, setting the DSC scanner to 2 MHz, 4 MHz and 8 MHz for ships in the vicinity, notifying the Master of any distress alerts.",,,,1,1,
"What is the only international body for developing guidelines, criteria and regulations on an international level for ship reporting systems?",Choice,BIMCO,Classification society,IMO,The contracting government,,,,3,1,
Describe the range of transmission of most NAVTEX stations?,Choice,Normally 50-100 nautical miles from shore.,100 nautical miles during night time.,Normally 200-400 nautical miles.,Normally 1000 nautical miles during the daytime.,,,,3,1,
Choose from the following ITU List of Service Publication which were merged into a new Service Publication entitled List of Ship Stations and Maritime Mobile Service Identity Assignments?,Choice,ITU List IV,ITU List V,ITU List VI,ITU List VIIA,,,,2,1,
What does CCIR stands for?,Choice,International Radio Committee Code,International Radio Code Committee,International Radio Consultive Committee,International Radio Consultative Committee,,,,4,1,
